temperature,humidity,pressure,gas,altitude,xg,yg,zg,mic,emf,light,ain,vMic,vEmf,vLight,vAin,us_raw,us_compensated,time_of_flight,status,,,,,
30.957989,17.32521946,100,429,53.839603,0.025391,-0.013672,1.005859,9,686,673,204,0.027,2.058,2.019,0.612,1963,1981.50354,10195050.95,Not Cooking,,,,,
30.837921,16.19856184,100,410,53.839603,0.023438,-0.005859,0.994141,9,685,679,204,0.027,2.055,2.037,0.612,2180,1973.624023,10177583.7,Not Cooking,,,,,
30.766256,14.61925622,100,406,53.755703,0.017578,-0.017578,0.994141,8,687,703,203,0.024,2.061,2.109,0.609,2090,1970.964355,10177583.7,Not Cooking,,,,,
30.721622,16.174395,100,404,53.755703,0.017578,-0.013672,1,7,686,696,202,0.021,2.058,2.088,0.606,2394,1969.448975,10177583.7,Not Cooking,,,,,
30.693335,15.97803487,100,399,53.755703,0.015625,-0.013672,1.007812,8,685,671,203,0.024,2.055,2.013,0.609,2191,1967.666016,10177583.7,Not Cooking,,,,,
30.67919,15.90463754,100,396,53.672306,0.03125,-0.023438,0.992188,7,686,694,201,0.021,2.058,2.082,0.603,2146,1967.308472,10177583.7,Not Cooking,,,,,
30.667873,14.79269065,100,394,53.672306,0.015625,-0.019531,1,9,687,643,203,0.027,2.061,1.929,0.609,2118,1967.15332,10177583.7,Not Cooking,,,,,
30.662531,14.89007341,100,387,53.672306,0.013672,-0.007812,1,8,687,705,203,0.024,2.061,2.115,0.609,2162,1975.136597,10218340.61,Not Cooking,,,,,
30.654043,16.87810893,100,382,53.755703,0.019531,-0.015625,1.021484,7,685,654,201,0.021,2.055,1.962,0.603,2167,1970.314331,10195050.95,Not Cooking,,,,,
30.654673,13.34498389,100,385,53.672306,0.023438,-0.017578,0.994141,9,686,705,203,0.027,2.058,2.115,0.609,2033,1966.645386,10177583.7,Not Cooking,,,,,
30.649958,16.50150758,100,393,53.755703,0.025391,-0.009766,1,7,686,685,200,0.021,2.058,2.055,0.6,2371,1969.746338,10195050.95,Not Cooking,,,,,
30.654987,13.07587767,100,397,53.672306,0.023438,-0.011719,1.025391,8,687,663,203,0.024,2.061,1.989,0.609,1965,1966.336426,10177583.7,Not Cooking,,,,,
30.659073,14.82828349,100,405,53.755703,0.025391,-0.009766,1.003906,8,687,705,202,0.024,2.061,2.115,0.606,1851,1966.443115,10177583.7,Not Cooking,,,,,
30.670704,17.06586316,100,411,53.755703,0.017578,-0.013672,1.005859,9,685,655,203,0.027,2.055,1.965,0.609,2043,1962.220825,10154294.03,Not Cooking,,,,,
30.681391,14.85740628,100,414,53.755703,0.019531,-0.005859,1.001953,8,686,702,203,0.024,2.058,2.106,0.609,2089,1967.086182,10177583.7,Not Cooking,,,,,
30.680447,14.053593,100,415,53.839603,0.023438,-0.015625,0.988281,8,686,661,202,0.024,2.058,1.983,0.606,1901,1962.634155,10154294.03,Not Cooking,,,,,
30.681705,16.13448197,100,419,53.672306,0.019531,-0.007812,0.986328,9,687,704,203,0.027,2.061,2.112,0.609,2434,1962.804443,10154294.03,Not Cooking,,,,,
30.688934,17.14819484,100,418,53.755703,0.017578,-0.011719,0.988281,7,685,663,200,0.021,2.055,1.989,0.6,1778,1967.698486,10177583.7,Not Cooking,,,,,
30.692392,15.69774964,100,421,53.755703,0.025391,-0.007812,1.013672,9,686,708,202,0.027,2.058,2.124,0.606,1989,1963.236694,10154294.03,Not Cooking,,,,,
30.691763,17.25839778,100,422,53.755703,0.013672,0,1.009766,10,686,652,201,0.03,2.058,1.956,0.603,2475,1967.973511,10177583.7,Not Cooking,,,,,
30.689877,13.49685357,100,424,53.672306,0.021484,0.005859,0.974609,7,687,705,203,0.021,2.061,2.115,0.609,2037,1968.032227,10177583.7,Not Cooking,,,,,
30.692392,16.30249057,100,427,53.672306,0.017578,-0.009766,0.994141,8,685,655,202,0.024,2.055,1.965,0.606,1883,1968.131348,10177583.7,Not Cooking,,,,,
30.693964,13.48995774,100,428,53.755703,0.019531,-0.015625,1.005859,9,686,708,201,0.027,2.058,2.124,0.603,2288,1968.066162,10177583.7,Not Cooking,,,,,
30.699619,13.20300167,100,428,53.755703,0.013672,-0.003906,1.017578,9,686,644,202,0.027,2.058,1.932,0.606,2446,1963.551025,10154294.03,Not Cooking,,,,,
30.704962,13.73195857,100,428,53.755703,0.027344,-0.007812,1.013672,9,687,705,201,0.027,2.061,2.115,0.603,1715,1963.585938,10154294.03,Not Cooking,,,,,
30.711563,14.67039914,100,424,53.839603,0.023438,-0.007812,1.011719,7,685,665,201,0.021,2.055,1.995,0.603,2125,1963.742676,10154294.03,Not Cooking,,,,,
30.715336,14.43952473,100,428,53.672306,0.021484,-0.013672,0.998047,9,686,705,203,0.027,2.058,2.115,0.609,2366,1963.866699,10154294.03,Not Cooking,,,,,
30.713764,17.00953274,100,426,53.672306,0.019531,-0.009766,0.988281,7,686,690,202,0.021,2.058,2.07,0.606,2347,1963.883423,10154294.03,Not Cooking,,,,,
30.713449,14.14399361,100,426,53.588406,0.027344,-0.011719,0.998047,9,688,685,201,0.027,2.064,2.055,0.603,1772,1963.949707,10154294.03,Not Cooking,,,,,
30.716593,15.53311095,100,425,53.421112,0.017578,-0.007812,1.001953,9,686,694,203,0.027,2.058,2.082,0.609,1723,1960.594727,10136826.78,Not Cooking,,,,,
30.718792,16.85718591,100,428,53.504505,0.023438,-0.009766,1.017578,9,686,705,202,0.027,2.058,2.115,0.606,1908,1960.638794,10136826.78,Not Cooking,,,,,
30.722879,16.34773681,100,431,53.421112,0.019531,-0.011719,1,7,686,684,202,0.021,2.058,2.052,0.606,2318,1960.720703,10136826.78,Not Cooking,,,,,
30.726023,15.00538484,100,425,53.421112,0.021484,-0.007812,0.988281,8,688,673,203,0.024,2.064,2.019,0.609,2184,1972.202515,10195050.95,Not Cooking,,,,,
30.728222,14.97039354,100,422,53.337723,0.023438,-0.011719,1.005859,9,685,657,202,0.027,2.055,1.971,0.606,2017,1960.803711,10136826.78,Not Cooking,,,,,
30.731052,15.76679448,100,418,53.421112,0.019531,-0.007812,1.001953,9,686,709,202,0.027,2.058,2.127,0.606,2413,1964.230713,10154294.03,Not Cooking,,,,,
30.73608,17.31647287,100,417,53.504505,0.021484,-0.011719,1.001953,9,687,640,203,0.027,2.061,1.92,0.609,2244,1964.307617,10154294.03,Not Cooking,,,,,
30.74111,13.9356645,100,410,53.588406,0.015625,-0.005859,1.007812,7,687,706,203,0.021,2.061,2.118,0.609,2067,1960.91748,10136826.78,Not Cooking,,,,,
30.746769,14.81106869,100,398,53.588406,0.019531,-0.009766,1.015625,8,685,667,201,0.024,2.055,2.001,0.603,2237,1964.328979,10154294.03,Not Cooking,,,,,
30.749283,13.67415091,100,379,53.672306,0.023438,-0.005859,0.996094,8,686,694,202,0.024,2.058,2.082,0.606,2079,1972.113525,10195050.95,Not Cooking,,,,,
30.753368,16.29538802,100,358,53.672306,0.03125,-0.009766,0.994141,8,688,688,203,0.024,2.064,2.064,0.609,2415,1960.511597,10136826.78,Not Cooking,,,,,
30.755569,15.44787847,100,348,53.588406,0.023438,0,1.015625,8,685,663,204,0.024,2.055,1.989,0.612,2103,1963.70752,10154294.03,Not Cooking,,,,,
30.758398,13.17651424,100,341,53.504505,0.03125,-0.009766,1.005859,8,686,707,201,0.024,2.058,2.121,0.603,1892,1960.153442,10136826.78,Not Cooking,,,,,
30.762798,16.5104968,100,334,53.421112,0.021484,-0.015625,1.007812,7,686,641,203,0.021,2.058,1.923,0.609,2226,1960.120728,10136826.78,Not Cooking,,,,,
30.767513,15.04374051,100,335,53.421112,0.021484,-0.009766,1.005859,9,687,704,202,0.027,2.061,2.112,0.606,2177,1960.11853,10136826.78,Not Cooking,,,,,
30.775997,16.63292863,100,332,53.421112,0.025391,0.001953,1,8,685,671,201,0.024,2.055,2.013,0.603,1938,1960.264404,10136826.78,Not Cooking,,,,,
30.781027,15.90954439,100,336,53.337723,0.015625,-0.005859,1.015625,7,686,703,201,0.021,2.058,2.109,0.603,2096,1968.339722,10177583.7,Not Cooking,,,,,
30.786686,14.20229504,100,342,53.337723,0.021484,-0.013672,1.013672,9,688,697,203,0.027,2.064,2.091,0.609,2224,1964.0177,10154294.03,Not Cooking,,,,,
30.790771,17.04869946,100,355,53.253822,0.011719,-0.011719,1,9,686,674,202,0.027,2.058,2.022,0.606,1974,1964.293579,10154294.03,Not Cooking,,,,,
30.792658,14.83186277,100,367,53.337723,0.015625,-0.011719,0.998047,9,686,707,202,0.027,2.058,2.121,0.606,2034,1972.453735,10195050.95,Not Cooking,,,,,
30.796743,16.78359924,100,377,53.337723,0.023438,-0.005859,1.007812,8,687,672,203,0.024,2.061,2.016,0.609,1767,1964.800659,10154294.03,Not Cooking,,,,,
30.800516,13.75399223,100,385,53.337723,0.021484,-0.007812,1.001953,7,688,704,203,0.021,2.064,2.112,0.609,1931,1973.025269,10195050.95,Not Cooking,,,,,
30.795486,13.82312059,100,384,53.421112,0.023438,-0.013672,1.003906,9,685,659,203,0.027,2.055,1.977,0.609,2409,1972.948242,10195050.95,Not Cooking,,,,,
30.798315,13.8441903,100,373,53.421112,0.011719,-0.005859,1,9,686,707,202,0.027,2.058,2.121,0.606,2228,1972.786621,10195050.95,Not Cooking,,,,,
30.800201,13.68996604,100,369,53.504505,0.017578,-0.009766,1.003906,9,687,640,201,0.027,2.061,1.92,0.603,2116,1972.678833,10195050.95,Not Cooking,,,,,
30.801458,17.35312177,100,373,53.588406,0.027344,-0.017578,1.007812,7,687,703,202,0.021,2.061,2.109,0.606,1880,1972.631226,10195050.95,Not Cooking,,,,,
30.803345,17.47502714,100,373,53.588406,0.019531,-0.013672,1.019531,9,686,692,203,0.027,2.058,2.076,0.609,1772,1964.666992,10154294.03,Not Cooking,,,,,
30.80743,13.13711736,100,375,53.672306,0.021484,-0.005859,0.992188,7,687,673,200,0.021,2.061,2.019,0.6,2105,1961.208862,10136826.78,Not Cooking,,,,,
30.807117,14.75942088,100,371,53.588406,0.017578,-0.007812,1.009766,7,687,702,203,0.021,2.061,2.106,0.609,2204,1964.524902,10154294.03,Not Cooking,,,,,
30.806803,17.32411128,100,361,53.504505,0.019531,-0.015625,0.996094,7,685,654,203,0.021,2.055,1.962,0.609,1738,1960.90625,10136826.78,Not Cooking,,,,,
30.808689,17.43054356,100,329,53.588406,0.009766,-0.007812,1.009766,9,686,704,201,0.027,2.058,2.112,0.603,1901,1971.974487,10195050.95,Not Cooking,,,,,
30.823776,16.25906029,100,299,53.755703,0.029297,-0.013672,1.007812,8,686,691,203,0.024,2.058,2.073,0.609,1985,1968.783325,10177583.7,Not Cooking,,,,,
30.822834,15.23377882,100,331,53.672306,0.015625,-0.009766,0.990234,9,687,654,202,0.027,2.061,1.962,0.606,2099,1972.838135,10195050.95,Not Cooking,,,,,
30.822519,16.34956916,100,345,53.755703,0.015625,-0.009766,1.009766,8,685,705,203,0.024,2.055,2.115,0.609,2121,1969.933716,10177583.7,Not Cooking,,,,,
30.823776,13.81186064,100,357,53.755703,0.025391,-0.009766,0.986328,9,686,708,202,0.027,2.058,2.124,0.606,2125,1965.874634,10154294.03,Not Cooking,,,,,
30.824718,16.38835163,100,366,53.755703,0.021484,0.003906,0.994141,8,687,641,202,0.024,2.061,1.923,0.606,1707,1963.196777,10136826.78,Not Cooking,,,,,
30.825663,14.13059705,100,375,53.588406,0.019531,-0.015625,1.015625,9,687,691,202,0.027,2.061,2.073,0.606,2029,1974.800293,10195050.95,Not Cooking,,,,,
30.829748,15.89529756,100,391,53.504505,0.025391,-0.007812,0.994141,8,686,688,203,0.024,2.058,2.064,0.609,1848,1963.480835,10136826.78,Not Cooking,,,,,
30.831635,13.07702164,100,395,53.421112,0.021484,-0.007812,1.001953,7,688,704,202,0.021,2.064,2.112,0.606,2391,1971.646851,10177583.7,Not Cooking,,,,,
30.830063,16.8253607,100,400,53.421112,0.013672,0,0.984375,7,685,655,204,0.021,2.055,1.965,0.612,2321,1967.185303,10136826.78,Not Cooking,,,,,
31.3116,16.39534097,100,406,52.919254,0.03125,-0.005859,0.990234,8,686,683,201,0.024,2.058,2.049,0.603,1881,756.969299,3959243.086,Not Cooking,,,,,
31.311914,16.19303779,100,416,52.835358,0.017578,-0.013672,0.992188,9,687,668,202,0.027,2.061,2.004,0.606,2181,835.155151,4355167.394,Not Cooking,,,,,
31.315685,15.62648116,100,414,52.835358,0.011719,-0.003906,1.013672,9,688,653,203,0.027,2.064,1.959,0.609,2471,788.304382,4116448.326,Not Cooking,,,,,
31.322916,17.3413256,100,417,52.751972,0.017578,-0.015625,1.005859,9,688,700,202,0.027,2.064,2.1,0.606,1957,752.871338,3935953.421,Not Cooking,,,,,
31.326687,17.14463059,100,424,52.751972,0.027344,-0.009766,1.001953,7,686,654,202,0.021,2.058,1.962,0.606,2145,969.914795,5036390.102,Not Cooking,,,,,
31.329203,17.00687076,100,426,52.668079,0.017578,-0.009766,1.003906,7,687,704,203,0.021,2.061,2.112,0.609,2342,914.783936,4756914.119,Not Cooking,,,,,
31.332031,14.90662116,100,419,52.500294,0.019531,-0.017578,1.003906,8,687,667,202,0.024,2.061,2.001,0.606,2364,1967.311279,10096069.87,Not Cooking,,,,,
30.957989,14,100,429,53.839603,0.025391,-0.013672,1.005859,9,686,673,204,0.027,2.058,2.019,0.612,2755,1981.50354,10195050.95,Not Cooking,,,,,
30.837921,14.080591,100,410,53.839603,0.023438,-0.005859,0.994141,9,685,679,204,0.027,2.055,2.037,0.612,2394,1973.624023,10177583.7,Not Cooking,,,,,
30.766256,14.092205,100,406,53.755703,0.017578,-0.017578,0.994141,8,687,703,203,0.024,2.061,2.109,0.609,1711,1970.964355,10177583.7,Not Cooking,,,,,
30.721622,14.119919,100,404,53.755703,0.017578,-0.013672,1,7,686,696,202,0.021,2.058,2.088,0.606,2782,1969.448975,10177583.7,Not Cooking,,,,,
30.693335,14.153337,100,399,53.755703,0.015625,-0.013672,1.007812,8,685,671,203,0.024,2.055,2.013,0.609,1961,1967.666016,10177583.7,Not Cooking,,,,,
30.67919,14.167571,100,396,53.672306,0.03125,-0.023438,0.992188,7,686,694,201,0.021,2.058,2.082,0.603,2628,1967.308472,10177583.7,Not Cooking,,,,,
30.667873,14.152176,100,394,53.672306,0.015625,-0.019531,1,9,687,643,203,0.027,2.061,1.929,0.609,2196,1967.15332,10177583.7,Not Cooking,,,,,
30.662531,14.127142,100,387,53.672306,0.013672,-0.007812,1,8,687,705,203,0.024,2.061,2.115,0.609,2145,1975.136597,10218340.61,Not Cooking,,,,,
30.654043,14.146585,100,382,53.755703,0.019531,-0.015625,1.021484,7,685,654,201,0.021,2.055,1.962,0.603,2782,1970.314331,10195050.95,Not Cooking,,,,,
30.654673,14.201171,100,385,53.672306,0.023438,-0.017578,0.994141,9,686,705,203,0.027,2.058,2.115,0.609,2779,1966.645386,10177583.7,Not Cooking,,,,,
30.649958,14.24561,100,393,53.755703,0.025391,-0.009766,1,7,686,685,200,0.021,2.058,2.055,0.6,1967,1969.746338,10195050.95,Not Cooking,,,,,
30.654987,14.265697,100,397,53.672306,0.023438,-0.011719,1.025391,8,687,663,203,0.024,2.061,1.989,0.609,2798,1966.336426,10177583.7,Not Cooking,,,,,
30.659073,14.260921,100,405,53.755703,0.025391,-0.009766,1.003906,8,687,705,202,0.024,2.061,2.115,0.606,2001,1966.443115,10177583.7,Not Cooking,,,,,
30.670704,14.241602,100,411,53.755703,0.017578,-0.013672,1.005859,9,685,655,203,0.027,2.055,1.965,0.609,2820,1962.220825,10154294.03,Not Cooking,,,,,
30.681391,14.222241,100,414,53.755703,0.019531,-0.005859,1.001953,8,686,702,203,0.024,2.058,2.106,0.609,2908,1967.086182,10177583.7,Not Cooking,,,,,
30.680447,14.197389,100,415,53.839603,0.023438,-0.015625,0.988281,8,686,661,202,0.024,2.058,1.983,0.606,1731,1962.634155,10154294.03,Not Cooking,,,,,
30.681705,14.167685,100,419,53.672306,0.019531,-0.007812,0.986328,9,687,704,203,0.027,2.061,2.112,0.609,2028,1962.804443,10154294.03,Not Cooking,,,,,
30.688934,14.128345,100,418,53.755703,0.017578,-0.011719,0.988281,7,685,663,200,0.021,2.055,1.989,0.6,2424,1967.698486,10177583.7,Not Cooking,,,,,
30.692392,14.123544,100,421,53.755703,0.025391,-0.007812,1.013672,9,686,708,202,0.027,2.058,2.124,0.606,2209,1963.236694,10154294.03,Not Cooking,,,,,
30.691763,14.083858,100,422,53.755703,0.013672,0,1.009766,10,686,652,201,0.03,2.058,1.956,0.603,2495,1967.973511,10177583.7,Not Cooking,,,,,
30.689877,14.063951,100,424,53.672306,0.021484,0.005859,0.974609,7,687,705,203,0.021,2.061,2.115,0.609,2143,1968.032227,10177583.7,Not Cooking,,,,,
30.692392,14.054153,100,427,53.672306,0.017578,-0.009766,0.994141,8,685,655,202,0.024,2.055,1.965,0.606,2479,1968.131348,10177583.7,Not Cooking,,,,,
30.693964,14.074045,100,428,53.755703,0.019531,-0.015625,1.005859,9,686,708,201,0.027,2.058,2.124,0.603,2387,1968.066162,10177583.7,Not Cooking,,,,,
30.699619,14.089172,100,428,53.755703,0.013672,-0.003906,1.017578,9,686,644,202,0.027,2.058,1.932,0.606,2176,1963.551025,10154294.03,Not Cooking,,,,,
30.704962,14.104285,100,428,53.755703,0.027344,-0.007812,1.013672,9,687,705,201,0.027,2.061,2.115,0.603,2817,1963.585938,10154294.03,Not Cooking,,,,,
30.711563,14.099627,100,424,53.839603,0.023438,-0.007812,1.011719,7,685,665,201,0.021,2.055,1.995,0.603,2450,1963.742676,10154294.03,Not Cooking,,,,,
30.715336,14.089887,100,428,53.672306,0.021484,-0.013672,0.998047,9,686,705,203,0.027,2.058,2.115,0.609,1942,1963.866699,10154294.03,Not Cooking,,,,,
30.713764,14.079903,100,426,53.672306,0.019531,-0.009766,0.988281,7,686,690,202,0.021,2.058,2.07,0.606,2904,1963.883423,10154294.03,Not Cooking,,,,,
30.713449,14.065021,100,426,53.588406,0.027344,-0.011719,0.998047,9,688,685,201,0.027,2.064,2.055,0.603,2581,1963.949707,10154294.03,Not Cooking,,,,,
30.716593,14.065162,100,425,53.421112,0.017578,-0.007812,1.001953,9,686,694,203,0.027,2.058,2.082,0.609,3000,1960.594727,10136826.78,Not Cooking,,,,,
30.718792,14.065263,100,428,53.504505,0.023438,-0.009766,1.017578,9,686,705,202,0.027,2.058,2.115,0.606,2019,1960.638794,10136826.78,Not Cooking,,,,,
30.722879,14.065449,100,431,53.421112,0.019531,-0.011719,1,7,686,684,202,0.021,2.058,2.052,0.606,2897,1960.720703,10136826.78,Not Cooking,,,,,
30.726023,14.060636,100,425,53.421112,0.021484,-0.007812,0.988281,8,688,673,203,0.024,2.064,2.019,0.609,2429,1972.202515,10195050.95,Not Cooking,,,,,
30.728222,14.070646,100,422,53.337723,0.023438,-0.011719,1.005859,9,685,657,202,0.027,2.055,1.971,0.606,2574,1960.803711,10136826.78,Not Cooking,,,,,
30.731052,14.080688,100,418,53.421112,0.019531,-0.007812,1.001953,9,686,709,202,0.027,2.058,2.127,0.606,2983,1964.230713,10154294.03,Not Cooking,,,,,
30.73608,14.085875,100,417,53.504505,0.021484,-0.011719,1.001953,9,687,640,203,0.027,2.061,1.92,0.609,2310,1964.307617,10154294.03,Not Cooking,,,,,
30.74111,14.100974,100,410,53.588406,0.015625,-0.005859,1.007812,7,687,706,203,0.021,2.061,2.118,0.609,2056,1960.91748,10136826.78,Not Cooking,,,,,
30.746769,14.126023,100,398,53.588406,0.019531,-0.009766,1.015625,8,685,667,201,0.024,2.055,2.001,0.603,2152,1964.328979,10154294.03,Not Cooking,,,,,
30.749283,14.175735,100,379,53.672306,0.023438,-0.005859,0.996094,8,686,694,202,0.024,2.058,2.082,0.606,1864,1972.113525,10195050.95,Not Cooking,,,,,
30.753368,14.235472,100,358,53.672306,0.03125,-0.009766,0.994141,8,688,688,203,0.024,2.064,2.064,0.609,2913,1960.511597,10136826.78,Not Cooking,,,,,
30.755569,14.290184,100,348,53.588406,0.023438,0,1.015625,8,685,663,204,0.024,2.055,1.989,0.612,1714,1963.70752,10154294.03,Not Cooking,,,,,
30.758398,14.33005,100,341,53.504505,0.03125,-0.009766,1.005859,8,686,707,201,0.024,2.058,2.121,0.603,2318,1960.153442,10136826.78,Not Cooking,,,,,
30.762798,14.355097,100,334,53.421112,0.021484,-0.015625,1.007812,7,686,641,203,0.021,2.058,1.923,0.609,2286,1960.120728,10136826.78,Not Cooking,,,,,
30.767513,14.375193,100,335,53.421112,0.021484,-0.009766,1.005859,9,687,704,202,0.027,2.061,2.112,0.606,2303,1960.11853,10136826.78,Not Cooking,,,,,
30.775997,14.380555,100,332,53.421112,0.025391,0.001953,1,8,685,671,201,0.024,2.055,2.013,0.603,2740,1960.264404,10136826.78,Not Cooking,,,,,
30.781027,14.380788,100,336,53.337723,0.015625,-0.005859,1.015625,7,686,703,201,0.021,2.058,2.109,0.603,1706,1968.339722,10177583.7,Not Cooking,,,,,
30.786686,14.356199,100,342,53.337723,0.021484,-0.013672,1.013672,9,688,697,203,0.027,2.064,2.091,0.609,2138,1964.0177,10154294.03,Not Cooking,,,,,
30.790771,14.316642,100,355,53.253822,0.011719,-0.011719,1,9,686,674,202,0.027,2.058,2.022,0.606,2570,1964.293579,10154294.03,Not Cooking,,,,,
30.792658,14.286928,100,367,53.337723,0.015625,-0.011719,0.998047,9,686,707,202,0.027,2.058,2.121,0.606,2384,1972.453735,10195050.95,Not Cooking,,,,,
30.796743,14.237463,100,377,53.337723,0.023438,-0.005859,1.007812,8,687,672,203,0.024,2.061,2.016,0.609,1783,1964.800659,10154294.03,Not Cooking,,,,,
30.800516,14.202892,100,385,53.337723,0.021484,-0.007812,1.001953,7,688,704,203,0.021,2.064,2.112,0.609,2517,1973.025269,10195050.95,Not Cooking,,,,,
30.795486,14.197699,100,384,53.421112,0.023438,-0.013672,1.003906,9,685,659,203,0.027,2.055,1.977,0.609,1949,1972.948242,10195050.95,Not Cooking,,,,,
30.798315,14.2425,100,373,53.421112,0.011719,-0.005859,1,9,686,707,202,0.027,2.058,2.121,0.606,1727,1972.786621,10195050.95,Not Cooking,,,,,
30.800201,14.272378,100,369,53.504505,0.017578,-0.009766,1.003906,9,687,640,201,0.027,2.061,1.92,0.603,2524,1972.678833,10195050.95,Not Cooking,,,,,
30.801458,14.287333,100,373,53.588406,0.027344,-0.017578,1.007812,7,687,703,202,0.021,2.061,2.109,0.606,1715,1972.631226,10195050.95,Not Cooking,,,,,
30.803345,14.292385,100,373,53.588406,0.019531,-0.013672,1.019531,9,686,692,203,0.027,2.058,2.076,0.609,2207,1964.666992,10154294.03,Not Cooking,,,,,
30.80743,14.317411,100,375,53.672306,0.021484,-0.005859,0.992188,7,687,673,200,0.021,2.061,2.019,0.6,2732,1961.208862,10136826.78,Not Cooking,,,,,
30.807117,14.337271,100,371,53.588406,0.017578,-0.007812,1.009766,7,687,702,203,0.021,2.061,2.106,0.609,2199,1964.524902,10154294.03,Not Cooking,,,,,
30.806803,14.377011,100,361,53.504505,0.019531,-0.015625,0.996094,7,685,654,203,0.021,2.055,1.962,0.609,2592,1960.90625,10136826.78,Not Cooking,,,,,
30.808689,14.45168,100,329,53.588406,0.009766,-0.007812,1.009766,9,686,704,201,0.027,2.058,2.112,0.603,2951,1971.974487,10195050.95,Not Cooking,,,,,
30.823776,14,100,299,53.755703,0.029297,-0.013672,1.007812,8,686,691,203,0.024,2.058,2.073,0.609,2193,1968.783325,10177583.7,Not Cooking,,,,,
30.822834,14.228733,100,331,53.672306,0.015625,-0.009766,0.990234,9,687,654,202,0.027,2.061,1.962,0.606,2894,1972.838135,10195050.95,Not Cooking,,,,,
30.822519,14.124517,100,345,53.755703,0.015625,-0.009766,1.009766,8,685,705,203,0.024,2.055,2.115,0.609,1916,1969.933716,10177583.7,Not Cooking,,,,,
30.823776,14.045249,100,357,53.755703,0.025391,-0.009766,0.986328,9,686,708,202,0.027,2.058,2.124,0.606,2432,1965.874634,10154294.03,Not Cooking,,,,,
30.824718,13.980881,100,366,53.755703,0.021484,0.003906,0.994141,8,687,641,202,0.024,2.061,1.923,0.606,2013,1963.196777,10136826.78,Not Cooking,,,,,
30.825663,13.926447,100,375,53.588406,0.019531,-0.015625,1.015625,9,687,691,202,0.027,2.061,2.073,0.606,2566,1974.800293,10195050.95,Not Cooking,,,,,
30.829748,13.906829,100,391,53.504505,0.025391,-0.007812,0.994141,8,686,688,203,0.024,2.058,2.064,0.609,2337,1963.480835,10136826.78,Not Cooking,,,,,
30.831635,13.892064,100,395,53.421112,0.021484,-0.007812,1.001953,7,688,704,202,0.021,2.064,2.112,0.606,1882,1971.646851,10177583.7,Not Cooking,,,,,
30.830063,13.887045,100,400,53.421112,0.013672,0,0.984375,7,685,655,204,0.021,2.055,1.965,0.612,2856,1967.185303,10136826.78,Not Cooking,,,,,
31.3116,13.799735,100,406,52.919254,0.03125,-0.005859,0.990234,8,686,683,201,0.024,2.058,2.049,0.603,2224,756.969299,3959243.086,Not Cooking,,,,,
31.311914,13.710655,100,416,52.835358,0.017578,-0.013672,0.992188,9,687,668,202,0.027,2.061,2.004,0.606,2735,835.155151,4355167.394,Not Cooking,,,,,
31.315685,13.631684,100,414,52.835358,0.011719,-0.003906,1.013672,9,688,653,203,0.027,2.064,1.959,0.609,2941,788.304382,4116448.326,Not Cooking,,,,,
31.322916,13.587514,100,417,52.751972,0.017578,-0.015625,1.005859,9,688,700,202,0.027,2.064,2.1,0.606,1707,752.871338,3935953.421,Not Cooking,,,,,
31.326687,13.553087,100,424,52.751972,0.027344,-0.009766,1.001953,7,686,654,202,0.021,2.058,1.962,0.606,2539,969.914795,5036390.102,Not Cooking,,,,,
31.329203,13.577906,100,426,52.668079,0.017578,-0.009766,1.003906,7,687,704,203,0.021,2.061,2.112,0.609,2779,914.783936,4756914.119,Not Cooking,,,,,
31.332031,13.5978,100,419,52.500294,0.019531,-0.017578,1.003906,8,687,667,202,0.024,2.061,2.001,0.606,2874,1967.311279,10096069.87,Not Cooking,,,,,
31.333288,13.652244,100,414,52.584187,0.025391,0,0.988281,9,689,695,202,0.027,2.067,2.085,0.606,1931,1175.175781,6078602.62,Not Cooking,,,,,
31.337376,13.662317,100,422,52.668079,0.027344,-0.017578,0.996094,7,686,660,202,0.021,2.058,1.98,0.606,2384,1983.174316,10177583.7,Not Cooking,,,,,
31.340832,13.687205,100,412,52.584187,0.017578,-0.013672,0.994141,9,687,708,201,0.027,2.061,2.124,0.603,1799,1975.089233,10136826.78,Not Cooking,,,,,
31.336117,13.686993,100,419,52.668079,0.017578,-0.007812,1.001953,8,687,661,203,0.024,2.061,1.983,0.609,2232,1971.552002,10119359.53,Not Cooking,,,,,
31.334545,13.721559,100,423,52.668079,0.025391,-0.011719,1.019531,7,688,704,202,0.021,2.064,2.112,0.606,1830,1971.352295,10119359.53,Not Cooking,,,,,
31.335489,13.741397,100,421,52.584187,0.021484,-0.015625,1.005859,8,687,673,204,0.024,2.061,2.019,0.612,2660,1986.191772,10195050.95,Not Cooking,,,,,
31.336432,13.781041,100,421,52.584187,0.023438,-0.015625,1.001953,9,687,695,202,0.027,2.061,2.085,0.606,2178,1977.985596,10154294.03,Not Cooking,,,,,
31.335489,13.939546,100,409,52.584187,0.019531,-0.013672,0.994141,8,687,696,203,0.024,2.061,2.088,0.609,2789,1977.193848,10154294.03,Not Cooking,,,,,
31.336746,14.148034,100,400,52.500294,0.023438,-0.017578,0.992188,7,689,691,201,0.021,2.067,2.073,0.603,2817,1992.251953,10235807.86,Not Cooking,,,,,
31.338003,14.341975,100,390,52.417416,0.021484,-0.013672,1.011719,9,687,690,202,0.027,2.061,2.07,0.606,2378,1979.866699,10177583.7,Not Cooking,,,,,
31.338003,14.48636,100,387,52.417416,0.033203,-0.021484,0.974609,7,686,674,202,0.021,2.058,2.022,0.606,1967,1979.161377,10177583.7,Not Cooking,,,,,
31.340832,14.601134,100,387,52.500294,0.029297,-0.009766,1.005859,9,687,703,203,0.027,2.061,2.109,0.609,1779,1982.093384,10195050.95,Not Cooking,,,,,
31.341146,14.725888,100,391,52.417416,0.021484,-0.009766,1.003906,7,688,641,202,0.021,2.064,1.923,0.606,2021,1970.04187,10136826.78,Not Cooking,,,,,
31.338318,14.845631,100,389,52.333527,0.025391,-0.017578,1.017578,9,688,703,202,0.027,2.064,2.109,0.606,1706,1965.968628,10119359.53,Not Cooking,,,,,
31.336432,14.910526,100,386,52.333527,0.021484,-0.009766,1.009766,7,686,654,202,0.021,2.058,1.962,0.606,1947,1972.480469,10154294.03,Not Cooking,,,,,
31.337688,14.975607,100,383,52.417416,0.025391,0,0.994141,7,687,703,202,0.021,2.061,2.109,0.606,2676,1972.188721,10154294.03,Not Cooking,,,,,
31.336432,15.000566,100,382,52.500294,0.025391,-0.007812,1,9,688,642,202,0.027,2.064,1.926,0.606,1748,1976.61731,10177583.7,Not Cooking,,,,,
31.338947,15.055747,100,380,52.417416,0.017578,-0.015625,0.996094,8,688,700,202,0.024,2.064,2.1,0.606,2511,1979.830444,10195050.95,Not Cooking,,,,,
31.341776,15.085928,100,377,52.500294,0.015625,-0.007812,1.017578,7,687,701,202,0.021,2.061,2.103,0.606,1806,1976.309204,10177583.7,Not Cooking,,,,,
31.346491,15.081147,100,381,52.500294,0.019531,-0.011719,1.009766,9,687,671,203,0.027,2.061,2.013,0.609,2439,1971.853149,10154294.03,Not Cooking,,,,,
31.34869,15.031187,100,383,52.417416,0.015625,-0.017578,1,9,688,663,200,0.027,2.064,1.989,0.6,2072,1984.725464,10218340.61,Not Cooking,,,,,
31.351206,14.946246,100,392,52.417416,0.023438,-0.009766,1.011719,9,687,691,203,0.027,2.061,2.073,0.609,2839,1163.608032,6037845.706,Not Cooking,,,,,
31.349949,14.896174,100,391,52.417416,0.021484,-0.005859,0.992188,8,686,657,202,0.024,2.058,1.971,0.606,1864,966.902283,5036390.102,Not Cooking,,,,,
31.346491,14.866013,100,402,52.417416,0.023438,-0.009766,0.998047,8,687,702,202,0.024,2.061,2.106,0.606,2481,1108.850586,5758369.723,Not Cooking,,,,,
31.340519,14.840739,100,396,52.417416,0.017578,-0.019531,1.001953,8,688,656,202,0.024,2.064,1.968,0.606,2847,1980.914551,10195050.95,Not Cooking,,,,,
31.347748,14.846082,100,396,52.417416,0.021484,-0.007812,1,8,688,697,202,0.024,2.064,2.091,0.606,1703,1159.278564,6014556.041,Not Cooking,,,,,
31.350262,14.866195,100,391,52.417416,0.013672,-0.015625,1.005859,9,687,699,202,0.027,2.061,2.097,0.606,2062,-22.998877,0,Not Cooking,,,,,
31.346806,14.911025,100,387,52.417416,0.017578,-0.011719,0.994141,8,687,639,203,0.024,2.061,1.917,0.609,2813,-22.998877,0,Not Cooking,,,,,
31.349005,14.961145,100,383,52.333527,0.021484,-0.009766,0.980469,9,687,690,201,0.027,2.061,2.07,0.603,2161,-22.998877,0,Not Cooking,,,,,
31.352463,14.966315,100,381,52.333527,0.017578,-0.003906,0.998047,8,687,702,201,0.024,2.061,2.106,0.603,2425,-22.998877,0,Not Cooking,,,,,
31.356548,14.941501,100,383,52.333527,0.023438,-0.009766,1.005859,8,688,701,202,0.024,2.064,2.103,0.606,2051,-22.998877,0,Not Cooking,,,,,
31.360636,14.906688,100,388,52.333527,0.017578,-0.017578,0.996094,9,687,702,201,0.027,2.061,2.106,0.603,2360,1470.559937,7598253.275,Not Cooking,,,,,
31.363779,14.901839,100,390,52.333527,0.015625,-0.015625,0.994141,8,687,648,202,0.024,2.061,1.944,0.606,2508,1501.527832,7755458.515,Not Cooking,,,,,
31.365665,14.936938,100,392,52.249638,0.029297,-0.013672,0.990234,9,688,703,203,0.027,2.064,2.109,0.609,2851,-22.998877,0,Not Cooking,,,,,
31.366608,14.956992,100,395,52.333527,0.013672,-0.009766,1.001953,8,687,666,202,0.024,2.061,1.998,0.606,2851,601.853516,3179039.301,Not Cooking,,,,,
31.366608,14.916978,100,397,52.333527,0.017578,-0.017578,1.003906,7,688,638,202,0.021,2.064,1.914,0.606,2257,-22.998877,0,Not Cooking,,,,,
31.364094,14.921858,100,393,52.333527,0.019531,-0.007812,0.990234,7,687,679,202,0.021,2.061,2.037,0.606,1818,-22.998877,0,Not Cooking,,,,,
31.366608,14.92698,100,395,52.249638,0.011719,-0.015625,0.984375,7,687,667,201,0.021,2.061,2.001,0.603,2535,-22.998877,0,Not Cooking,,,,,
31.370062,14.947154,100,382,52.333527,0.019531,-0.021484,1.013672,7,688,701,202,0.021,2.064,2.103,0.606,2183,1568.981323,8098981.077,Not Cooking,,,,,1740-1750
31.372263,14.957265,100,373,52.333527,0.021484,-0.015625,0.998047,9,686,663,202,0.027,2.058,1.989,0.606,1728,-22.998877,0,Not Cooking,,,,,
31.372263,15.022319,100,372,52.417416,0.023438,-0.001953,1.003906,7,687,638,203,0.021,2.061,1.914,0.609,2715,-22.998877,0,Not Cooking,,,,,
31.372578,15.107459,100,373,52.417416,0.015625,-0.007812,1.001953,10,686,665,203,0.03,2.058,1.995,0.609,2131,1532.932739,7918486.172,Not Cooking,,,,,
31.374777,15.152659,100,381,52.417416,0.021484,-0.017578,0.996094,7,687,706,203,0.021,2.061,2.118,0.609,2470,-22.998877,0,Not Cooking,,,,,
31.37352,15.192696,100,382,52.417416,0.021484,-0.019531,0.988281,8,689,689,203,0.024,2.067,2.067,0.609,1786,-22.998877,0,Not Cooking,,,,,
31.374149,15.167662,100,373,52.417416,0.015625,-0.009766,1,7,687,698,202,0.021,2.061,2.094,0.606,2670,3017.533691,15475982.53,Not Cooking,,,,,
30.957989,14,100,429,53.839603,0.025391,-0.013672,1.005859,9,686,673,204,0.027,2.058,2.019,0.612,2354,1981.50354,10195050.95,Not Cooking,,,,,
30.837921,14.080591,100,410,53.839603,0.023438,-0.005859,0.994141,9,685,679,204,0.027,2.055,2.037,0.612,2339,1973.624023,10177583.7,Not Cooking,,,,,
30.766256,14.092205,100,406,53.755703,0.017578,-0.017578,0.994141,8,687,703,203,0.024,2.061,2.109,0.609,2639,1970.964355,10177583.7,Not Cooking,,,,,
30.721622,14.119919,100,404,53.755703,0.017578,-0.013672,1,7,686,696,202,0.021,2.058,2.088,0.606,2539,1969.448975,10177583.7,Not Cooking,,,,,
30.693335,14.153337,100,399,53.755703,0.015625,-0.013672,1.007812,8,685,671,203,0.024,2.055,2.013,0.609,2617,1967.666016,10177583.7,Not Cooking,,,,,
30.67919,14.167571,100,396,53.672306,0.03125,-0.023438,0.992188,7,686,694,201,0.021,2.058,2.082,0.603,2073,1967.308472,10177583.7,Not Cooking,,,,,
30.667873,14.152176,100,394,53.672306,0.015625,-0.019531,1,9,687,643,203,0.027,2.061,1.929,0.609,1723,1967.15332,10177583.7,Not Cooking,,,,,
30.662531,14.127142,100,387,53.672306,0.013672,-0.007812,1,8,687,705,203,0.024,2.061,2.115,0.609,2133,1975.136597,10218340.61,Not Cooking,,,,,
30.654043,14.146585,100,382,53.755703,0.019531,-0.015625,1.021484,7,685,654,201,0.021,2.055,1.962,0.603,1925,1970.314331,10195050.95,Not Cooking,,,,,
30.654673,14.201171,100,385,53.672306,0.023438,-0.017578,0.994141,9,686,705,203,0.027,2.058,2.115,0.609,2465,1966.645386,10177583.7,Not Cooking,,,,,
30.649958,14.24561,100,393,53.755703,0.025391,-0.009766,1,7,686,685,200,0.021,2.058,2.055,0.6,2548,1969.746338,10195050.95,Not Cooking,,,,,
30.654987,14.265697,100,397,53.672306,0.023438,-0.011719,1.025391,8,687,663,203,0.024,2.061,1.989,0.609,2219,1966.336426,10177583.7,Not Cooking,,,,,
30.659073,14.260921,100,405,53.755703,0.025391,-0.009766,1.003906,8,687,705,202,0.024,2.061,2.115,0.606,2390,1966.443115,10177583.7,Not Cooking,,,,,
30.670704,14.241602,100,411,53.755703,0.017578,-0.013672,1.005859,9,685,655,203,0.027,2.055,1.965,0.609,2581,1962.220825,10154294.03,Not Cooking,,,,,
30.681391,14.222241,100,414,53.755703,0.019531,-0.005859,1.001953,8,686,702,203,0.024,2.058,2.106,0.609,2980,1967.086182,10177583.7,Not Cooking,,,,,
30.680447,14.197389,100,415,53.839603,0.023438,-0.015625,0.988281,8,686,661,202,0.024,2.058,1.983,0.606,2551,1962.634155,10154294.03,Not Cooking,,,,,
30.681705,14.167685,100,419,53.672306,0.019531,-0.007812,0.986328,9,687,704,203,0.027,2.061,2.112,0.609,2210,1962.804443,10154294.03,Not Cooking,,,,,
30.688934,14.128345,100,418,53.755703,0.017578,-0.011719,0.988281,7,685,663,200,0.021,2.055,1.989,0.6,2016,1967.698486,10177583.7,Not Cooking,,,,,
30.692392,14.123544,100,421,53.755703,0.025391,-0.007812,1.013672,9,686,708,202,0.027,2.058,2.124,0.606,2343,1963.236694,10154294.03,Not Cooking,,,,,
30.691763,14.083858,100,422,53.755703,0.013672,0,1.009766,10,686,652,201,0.03,2.058,1.956,0.603,2074,1967.973511,10177583.7,Not Cooking,,,,,
30.689877,14.063951,100,424,53.672306,0.021484,0.005859,0.974609,7,687,705,203,0.021,2.061,2.115,0.609,2221,1968.032227,10177583.7,Not Cooking,,,,,
30.692392,14.054153,100,427,53.672306,0.017578,-0.009766,0.994141,8,685,655,202,0.024,2.055,1.965,0.606,1805,1968.131348,10177583.7,Not Cooking,,,,,
30.693964,14.074045,100,428,53.755703,0.019531,-0.015625,1.005859,9,686,708,201,0.027,2.058,2.124,0.603,2600,1968.066162,10177583.7,Not Cooking,,,,,
30.699619,14.089172,100,428,53.755703,0.013672,-0.003906,1.017578,9,686,644,202,0.027,2.058,1.932,0.606,2248,1963.551025,10154294.03,Not Cooking,,,,,
30.704962,14.104285,100,428,53.755703,0.027344,-0.007812,1.013672,9,687,705,201,0.027,2.061,2.115,0.603,2577,1963.585938,10154294.03,Not Cooking,,,,,
30.711563,14.099627,100,424,53.839603,0.023438,-0.007812,1.011719,7,685,665,201,0.021,2.055,1.995,0.603,2646,1963.742676,10154294.03,Not Cooking,,,,,
30.715336,14.089887,100,428,53.672306,0.021484,-0.013672,0.998047,9,686,705,203,0.027,2.058,2.115,0.609,1783,1963.866699,10154294.03,Not Cooking,,,,,
30.713764,14.079903,100,426,53.672306,0.019531,-0.009766,0.988281,7,686,690,202,0.021,2.058,2.07,0.606,1744,1963.883423,10154294.03,Not Cooking,,,,,
30.713449,14.065021,100,426,53.588406,0.027344,-0.011719,0.998047,9,688,685,201,0.027,2.064,2.055,0.603,1706,1963.949707,10154294.03,Not Cooking,,,,,
30.716593,14.065162,100,425,53.421112,0.017578,-0.007812,1.001953,9,686,694,203,0.027,2.058,2.082,0.609,2889,1960.594727,10136826.78,Not Cooking,,,,,
30.718792,14.065263,100,428,53.504505,0.023438,-0.009766,1.017578,9,686,705,202,0.027,2.058,2.115,0.606,2649,1960.638794,10136826.78,Not Cooking,,,,,
30.722879,14.065449,100,431,53.421112,0.019531,-0.011719,1,7,686,684,202,0.021,2.058,2.052,0.606,2555,1960.720703,10136826.78,Not Cooking,,,,,
30.726023,14.060636,100,425,53.421112,0.021484,-0.007812,0.988281,8,688,673,203,0.024,2.064,2.019,0.609,2244,1972.202515,10195050.95,Not Cooking,,,,,
30.728222,14.070646,100,422,53.337723,0.023438,-0.011719,1.005859,9,685,657,202,0.027,2.055,1.971,0.606,2728,1960.803711,10136826.78,Not Cooking,,,,,
30.731052,14.080688,100,418,53.421112,0.019531,-0.007812,1.001953,9,686,709,202,0.027,2.058,2.127,0.606,2418,1964.230713,10154294.03,Not Cooking,,,,,
30.73608,14.085875,100,417,53.504505,0.021484,-0.011719,1.001953,9,687,640,203,0.027,2.061,1.92,0.609,2602,1964.307617,10154294.03,Not Cooking,,,,,
30.74111,14.100974,100,410,53.588406,0.015625,-0.005859,1.007812,7,687,706,203,0.021,2.061,2.118,0.609,2638,1960.91748,10136826.78,Not Cooking,,,,,
30.746769,14.126023,100,398,53.588406,0.019531,-0.009766,1.015625,8,685,667,201,0.024,2.055,2.001,0.603,2372,1964.328979,10154294.03,Not Cooking,,,,,
30.749283,14.175735,100,379,53.672306,0.023438,-0.005859,0.996094,8,686,694,202,0.024,2.058,2.082,0.606,2432,1972.113525,10195050.95,Not Cooking,,,,,
30.753368,14.235472,100,358,53.672306,0.03125,-0.009766,0.994141,8,688,688,203,0.024,2.064,2.064,0.609,2866,1960.511597,10136826.78,Not Cooking,,,,,
30.755569,14.290184,100,348,53.588406,0.023438,0,1.015625,8,685,663,204,0.024,2.055,1.989,0.612,2531,1963.70752,10154294.03,Not Cooking,,,,,
30.758398,14.33005,100,341,53.504505,0.03125,-0.009766,1.005859,8,686,707,201,0.024,2.058,2.121,0.603,2681,1960.153442,10136826.78,Not Cooking,,,,,
30.762798,14.355097,100,334,53.421112,0.021484,-0.015625,1.007812,7,686,641,203,0.021,2.058,1.923,0.609,2481,1960.120728,10136826.78,Not Cooking,,,,,
30.767513,14.375193,100,335,53.421112,0.021484,-0.009766,1.005859,9,687,704,202,0.027,2.061,2.112,0.606,2897,1960.11853,10136826.78,Not Cooking,,,,,
30.775997,14.380555,100,332,53.421112,0.025391,0.001953,1,8,685,671,201,0.024,2.055,2.013,0.603,1934,1960.264404,10136826.78,Not Cooking,,,,,
30.781027,14.380788,100,336,53.337723,0.015625,-0.005859,1.015625,7,686,703,201,0.021,2.058,2.109,0.603,2097,1968.339722,10177583.7,Not Cooking,,,,,
30.786686,14.356199,100,342,53.337723,0.021484,-0.013672,1.013672,9,688,697,203,0.027,2.064,2.091,0.609,2224,1964.0177,10154294.03,Not Cooking,,,,,
30.790771,14.316642,100,355,53.253822,0.011719,-0.011719,1,9,686,674,202,0.027,2.058,2.022,0.606,2035,1964.293579,10154294.03,Not Cooking,,,,,
30.792658,14.286928,100,367,53.337723,0.015625,-0.011719,0.998047,9,686,707,202,0.027,2.058,2.121,0.606,2690,1972.453735,10195050.95,Not Cooking,,,,,
30.796743,14.237463,100,377,53.337723,0.023438,-0.005859,1.007812,8,687,672,203,0.024,2.061,2.016,0.609,2099,1964.800659,10154294.03,Not Cooking,,,,,
30.800516,14.202892,100,385,53.337723,0.021484,-0.007812,1.001953,7,688,704,203,0.021,2.064,2.112,0.609,2903,1973.025269,10195050.95,Not Cooking,,,,,
30.795486,14.197699,100,384,53.421112,0.023438,-0.013672,1.003906,9,685,659,203,0.027,2.055,1.977,0.609,1983,1972.948242,10195050.95,Not Cooking,,,,,
30.798315,14.2425,100,373,53.421112,0.011719,-0.005859,1,9,686,707,202,0.027,2.058,2.121,0.606,2148,1972.786621,10195050.95,Not Cooking,,,,,
30.800201,14.272378,100,369,53.504505,0.017578,-0.009766,1.003906,9,687,640,201,0.027,2.061,1.92,0.603,1955,1972.678833,10195050.95,Not Cooking,,,,,
30.801458,14.287333,100,373,53.588406,0.027344,-0.017578,1.007812,7,687,703,202,0.021,2.061,2.109,0.606,2428,1972.631226,10195050.95,Not Cooking,,,,,
30.803345,14.292385,100,373,53.588406,0.019531,-0.013672,1.019531,9,686,692,203,0.027,2.058,2.076,0.609,1903,1964.666992,10154294.03,Not Cooking,,,,,
30.80743,14.317411,100,375,53.672306,0.021484,-0.005859,0.992188,7,687,673,200,0.021,2.061,2.019,0.6,2094,1961.208862,10136826.78,Not Cooking,,,,,
30.807117,14.337271,100,371,53.588406,0.017578,-0.007812,1.009766,7,687,702,203,0.021,2.061,2.106,0.609,2918,1964.524902,10154294.03,Not Cooking,,,,,
30.806803,14.377011,100,361,53.504505,0.019531,-0.015625,0.996094,7,685,654,203,0.021,2.055,1.962,0.609,2770,1960.90625,10136826.78,Not Cooking,,,,,
30.808689,14.45168,100,329,53.588406,0.009766,-0.007812,1.009766,9,686,704,201,0.027,2.058,2.112,0.603,2363,1971.974487,10195050.95,Not Cooking,,,,,
30.823776,14,100,299,53.755703,0.029297,-0.013672,1.007812,8,686,691,203,0.024,2.058,2.073,0.609,2315,1968.783325,10177583.7,Not Cooking,,,,,
30.822834,14.228733,100,331,53.672306,0.015625,-0.009766,0.990234,9,687,654,202,0.027,2.061,1.962,0.606,2610,1972.838135,10195050.95,Not Cooking,,,,,
30.822519,14.124517,100,345,53.755703,0.015625,-0.009766,1.009766,8,685,705,203,0.024,2.055,2.115,0.609,2549,1969.933716,10177583.7,Not Cooking,,,,,
30.823776,14.045249,100,357,53.755703,0.025391,-0.009766,0.986328,9,686,708,202,0.027,2.058,2.124,0.606,1838,1965.874634,10154294.03,Not Cooking,,,,,
30.824718,13.980881,100,366,53.755703,0.021484,0.003906,0.994141,8,687,641,202,0.024,2.061,1.923,0.606,2510,1963.196777,10136826.78,Not Cooking,,,,,
30.825663,13.926447,100,375,53.588406,0.019531,-0.015625,1.015625,9,687,691,202,0.027,2.061,2.073,0.606,2378,1974.800293,10195050.95,Not Cooking,,,,,
30.829748,13.906829,100,391,53.504505,0.025391,-0.007812,0.994141,8,686,688,203,0.024,2.058,2.064,0.609,2444,1963.480835,10136826.78,Not Cooking,,,,,
30.831635,13.892064,100,395,53.421112,0.021484,-0.007812,1.001953,7,688,704,202,0.021,2.064,2.112,0.606,2592,1971.646851,10177583.7,Not Cooking,,,,,
30.830063,13.887045,100,400,53.421112,0.013672,0,0.984375,7,685,655,204,0.021,2.055,1.965,0.612,2004,1967.185303,10136826.78,Not Cooking,,,,,
31.3116,13.799735,100,406,52.919254,0.03125,-0.005859,0.990234,8,686,683,201,0.024,2.058,2.049,0.603,1936,756.969299,3959243.086,Not Cooking,,,,,
31.311914,13.710655,100,416,52.835358,0.017578,-0.013672,0.992188,9,687,668,202,0.027,2.061,2.004,0.606,2714,835.155151,4355167.394,Not Cooking,,,,,
31.315685,13.631684,100,414,52.835358,0.011719,-0.003906,1.013672,9,688,653,203,0.027,2.064,1.959,0.609,2021,788.304382,4116448.326,Not Cooking,,,,,
31.322916,13.587514,100,417,52.751972,0.017578,-0.015625,1.005859,9,688,700,202,0.027,2.064,2.1,0.606,2277,752.871338,3935953.421,Not Cooking,,,,,
31.326687,13.553087,100,424,52.751972,0.027344,-0.009766,1.001953,7,686,654,202,0.021,2.058,1.962,0.606,2103,969.914795,5036390.102,Not Cooking,,,,,
31.329203,13.577906,100,426,52.668079,0.017578,-0.009766,1.003906,7,687,704,203,0.021,2.061,2.112,0.609,2701,914.783936,4756914.119,Not Cooking,,,,,
31.332031,13.5978,100,419,52.500294,0.019531,-0.017578,1.003906,8,687,667,202,0.024,2.061,2.001,0.606,2876,1967.311279,10096069.87,Not Cooking,,,,,
31.333288,13.652244,100,414,52.584187,0.025391,0,0.988281,9,689,695,202,0.027,2.067,2.085,0.606,1880,1175.175781,6078602.62,Not Cooking,,,,,
31.337376,13.662317,100,422,52.668079,0.027344,-0.017578,0.996094,7,686,660,202,0.021,2.058,1.98,0.606,2374,1983.174316,10177583.7,Not Cooking,,,,,
31.340832,13.687205,100,412,52.584187,0.017578,-0.013672,0.994141,9,687,708,201,0.027,2.061,2.124,0.603,2089,1975.089233,10136826.78,Not Cooking,,,,,
31.336117,13.686993,100,419,52.668079,0.017578,-0.007812,1.001953,8,687,661,203,0.024,2.061,1.983,0.609,1983,1971.552002,10119359.53,Not Cooking,,,,,
31.334545,13.721559,100,423,52.668079,0.025391,-0.011719,1.019531,7,688,704,202,0.021,2.064,2.112,0.606,2076,1971.352295,10119359.53,Not Cooking,,,,,
31.335489,13.741397,100,421,52.584187,0.021484,-0.015625,1.005859,8,687,673,204,0.024,2.061,2.019,0.612,2001,1986.191772,10195050.95,Not Cooking,,,,,
31.336432,13.781041,100,421,52.584187,0.023438,-0.015625,1.001953,9,687,695,202,0.027,2.061,2.085,0.606,2822,1977.985596,10154294.03,Not Cooking,,,,,
31.335489,13.939546,100,409,52.584187,0.019531,-0.013672,0.994141,8,687,696,203,0.024,2.061,2.088,0.609,2976,1977.193848,10154294.03,Not Cooking,,,,,
31.336746,14.148034,100,400,52.500294,0.023438,-0.017578,0.992188,7,689,691,201,0.021,2.067,2.073,0.603,2034,1992.251953,10235807.86,Not Cooking,,,,,
31.338003,14.341975,100,390,52.417416,0.021484,-0.013672,1.011719,9,687,690,202,0.027,2.061,2.07,0.606,2301,1979.866699,10177583.7,Not Cooking,,,,,
31.338003,14.48636,100,387,52.417416,0.033203,-0.021484,0.974609,7,686,674,202,0.021,2.058,2.022,0.606,1955,1979.161377,10177583.7,Not Cooking,,,,,
31.340832,14.601134,100,387,52.500294,0.029297,-0.009766,1.005859,9,687,703,203,0.027,2.061,2.109,0.609,1824,1982.093384,10195050.95,Not Cooking,,,,,
31.341146,14.725888,100,391,52.417416,0.021484,-0.009766,1.003906,7,688,641,202,0.021,2.064,1.923,0.606,1772,1970.04187,10136826.78,Not Cooking,,,,,
31.338318,14.845631,100,389,52.333527,0.025391,-0.017578,1.017578,9,688,703,202,0.027,2.064,2.109,0.606,2365,1965.968628,10119359.53,Not Cooking,,,,,
31.336432,14.910526,100,386,52.333527,0.021484,-0.009766,1.009766,7,686,654,202,0.021,2.058,1.962,0.606,2454,1972.480469,10154294.03,Not Cooking,,,,,
31.337688,14.975607,100,383,52.417416,0.025391,0,0.994141,7,687,703,202,0.021,2.061,2.109,0.606,2731,1972.188721,10154294.03,Not Cooking,,,,,
31.336432,15.000566,100,382,52.500294,0.025391,-0.007812,1,9,688,642,202,0.027,2.064,1.926,0.606,2794,1976.61731,10177583.7,Not Cooking,,,,,
31.338947,15.055747,100,380,52.417416,0.017578,-0.015625,0.996094,8,688,700,202,0.024,2.064,2.1,0.606,1835,1979.830444,10195050.95,Not Cooking,,,,,
31.341776,15.085928,100,377,52.500294,0.015625,-0.007812,1.017578,7,687,701,202,0.021,2.061,2.103,0.606,2448,1976.309204,10177583.7,Not Cooking,,,,,
31.346491,15.081147,100,381,52.500294,0.019531,-0.011719,1.009766,9,687,671,203,0.027,2.061,2.013,0.609,2880,1971.853149,10154294.03,Not Cooking,,,,,
31.34869,15.031187,100,383,52.417416,0.015625,-0.017578,1,9,688,663,200,0.027,2.064,1.989,0.6,2133,1984.725464,10218340.61,Not Cooking,,,,,
31.351206,14.946246,100,392,52.417416,0.023438,-0.009766,1.011719,9,687,691,203,0.027,2.061,2.073,0.609,2061,1163.608032,6037845.706,Not Cooking,,,,,
31.349949,14.896174,100,391,52.417416,0.021484,-0.005859,0.992188,8,686,657,202,0.024,2.058,1.971,0.606,1794,966.902283,5036390.102,Not Cooking,,,,,
31.346491,14.866013,100,402,52.417416,0.023438,-0.009766,0.998047,8,687,702,202,0.024,2.061,2.106,0.606,2643,1108.850586,5758369.723,Not Cooking,,,,,
31.340519,14.840739,100,396,52.417416,0.017578,-0.019531,1.001953,8,688,656,202,0.024,2.064,1.968,0.606,2796,1980.914551,10195050.95,Not Cooking,,,,,
31.347748,14.846082,100,396,52.417416,0.021484,-0.007812,1,8,688,697,202,0.024,2.064,2.091,0.606,1785,1159.278564,6014556.041,Not Cooking,,,,,
31.350262,14.866195,100,391,52.417416,0.013672,-0.015625,1.005859,9,687,699,202,0.027,2.061,2.097,0.606,2037,-22.998877,0,Not Cooking,,,,,
31.346806,14.911025,100,387,52.417416,0.017578,-0.011719,0.994141,8,687,639,203,0.024,2.061,1.917,0.609,2992,-22.998877,0,Not Cooking,,,,,
31.349005,14.961145,100,383,52.333527,0.021484,-0.009766,0.980469,9,687,690,201,0.027,2.061,2.07,0.603,2690,-22.998877,0,Not Cooking,,,,,
31.352463,14.966315,100,381,52.333527,0.017578,-0.003906,0.998047,8,687,702,201,0.024,2.061,2.106,0.603,2727,-22.998877,0,Not Cooking,,,,,
31.356548,14.941501,100,383,52.333527,0.023438,-0.009766,1.005859,8,688,701,202,0.024,2.064,2.103,0.606,2513,-22.998877,0,Not Cooking,,,,,
31.360636,14.906688,100,388,52.333527,0.017578,-0.017578,0.996094,9,687,702,201,0.027,2.061,2.106,0.603,2503,1470.559937,7598253.275,Not Cooking,,,,,
31.363779,14.901839,100,390,52.333527,0.015625,-0.015625,0.994141,8,687,648,202,0.024,2.061,1.944,0.606,2362,1501.527832,7755458.515,Not Cooking,,,,,
31.365665,14.936938,100,392,52.249638,0.029297,-0.013672,0.990234,9,688,703,203,0.027,2.064,2.109,0.609,2625,-22.998877,0,Not Cooking,,,,,
31.366608,14.956992,100,395,52.333527,0.013672,-0.009766,1.001953,8,687,666,202,0.024,2.061,1.998,0.606,2295,601.853516,3179039.301,Not Cooking,,,,,
31.366608,14.916978,100,397,52.333527,0.017578,-0.017578,1.003906,7,688,638,202,0.021,2.064,1.914,0.606,2890,-22.998877,0,Not Cooking,,,,,
31.364094,14.921858,100,393,52.333527,0.019531,-0.007812,0.990234,7,687,679,202,0.021,2.061,2.037,0.606,2865,-22.998877,0,Not Cooking,,,,,
31.366608,14.92698,100,395,52.249638,0.011719,-0.015625,0.984375,7,687,667,201,0.021,2.061,2.001,0.603,2252,-22.998877,0,Not Cooking,,,,,
31.370062,14.947154,100,382,52.333527,0.019531,-0.021484,1.013672,7,688,701,202,0.021,2.064,2.103,0.606,2641,1568.981323,8098981.077,Not Cooking,,,,,
31.372263,14.957265,100,373,52.333527,0.021484,-0.015625,0.998047,9,686,663,202,0.027,2.058,1.989,0.606,2269,-22.998877,0,Not Cooking,,,,,
31.372263,15.022319,100,372,52.417416,0.023438,-0.001953,1.003906,7,687,638,203,0.021,2.061,1.914,0.609,1871,-22.998877,0,Not Cooking,,,,,
31.372578,15.107459,100,373,52.417416,0.015625,-0.007812,1.001953,10,686,665,203,0.03,2.058,1.995,0.609,2909,1532.932739,7918486.172,Not Cooking,,,,,
31.374777,15.152659,100,381,52.417416,0.021484,-0.017578,0.996094,7,687,706,203,0.021,2.061,2.118,0.609,2514,-22.998877,0,Not Cooking,,,,,
31.37352,15.192696,100,382,52.417416,0.021484,-0.019531,0.988281,8,689,689,203,0.024,2.067,2.067,0.609,2249,-22.998877,0,Not Cooking,,,,,
31.374149,15.167662,100,373,52.417416,0.015625,-0.009766,1,7,687,698,202,0.021,2.061,2.094,0.606,2658,3017.533691,15475982.53,Not Cooking,,,,,
31.374462,15.107553,100,379,52.333527,0.025391,-0.011719,0.990234,8,687,659,202,0.024,2.061,1.977,0.606,1751,1520.377319,7854439.592,Not Cooking,,,,,
31.376978,15.072613,100,389,52.417416,0.019531,-0.011719,1.005859,8,689,697,200,0.024,2.067,2.091,0.6,1748,-22.998877,0,Not Cooking,,,,,
31.379492,15.112804,100,381,52.333527,0.025391,-0.003906,1.013672,9,687,705,200,0.027,2.061,2.115,0.6,1748,-22.998877,0,Not Cooking,,,,,
31.381693,15.22819,100,375,52.333527,0.021484,-0.013672,0.994141,7,688,661,202,0.021,2.064,1.983,0.606,1744,1481.14563,7656477.438,Not Cooking,,,,,
31.383265,15.373778,100,374,52.333527,0.019531,-0.013672,0.996094,9,688,697,202,0.027,2.064,2.091,0.606,1748,1909.427612,9839883.552,Not Cooking,,,,,
31.385778,15.514574,100,375,52.417416,0.023438,-0.005859,1.025391,8,687,701,202,0.024,2.061,2.103,0.606,1744,1978.539917,10195050.95,Not Cooking,,,,,
31.38735,15.600144,100,383,52.417416,0.017578,-0.003906,0.972656,9,687,680,202,0.027,2.061,2.04,0.606,1741,-22.998877,0,Not Cooking,,,,,
31.390808,15.650632,100,381,52.333527,0.019531,-0.011719,1.011719,8,687,691,203,0.024,2.061,2.073,0.609,1741,1974.548462,10177583.7,Not Cooking,,,,,
31.395208,15.736444,100,377,52.333527,0.011719,-0.011719,0.998047,8,686,686,202,0.024,2.058,2.058,0.606,1748,1506.906372,7796215.429,Not Cooking,,,,,
31.399609,15.792085,100,377,52.417416,0.021484,-0.003906,1.005859,8,687,676,202,0.024,2.061,2.028,0.606,1744,-22.998877,0,Not Cooking,,,,,
31.406839,15.837811,100,375,52.500294,0.017578,-0.017578,0.988281,8,688,702,202,0.024,2.064,2.106,0.606,1744,-22.998877,0,Not Cooking,,,,,
31.413126,15.83813,100,377,52.500294,0.019531,0,1.003906,8,687,704,202,0.024,2.061,2.112,0.606,1751,-22.998877,0,Not Cooking,,,,,
31.415325,15.843285,100,371,52.417416,0.019531,-0.017578,1.007812,8,689,696,201,0.024,2.067,2.088,0.603,1744,1581.083374,8174672.489,Not Cooking,,,,,
31.421299,15.833507,100,373,52.500294,0.013672,0,1.003906,7,686,658,202,0.021,2.058,1.974,0.606,1751,-22.998877,0,Not Cooking,,,,,
31.423183,15.732821,100,373,52.500294,0.021484,-0.003906,0.970703,7,687,690,202,0.021,2.061,2.07,0.606,1751,-22.998877,0,Not Cooking,,,,,
31.423498,15.581829,100,376,52.417416,0.019531,-0.009766,1,9,689,697,202,0.027,2.067,2.091,0.606,1751,1975.550171,10177583.7,Not Cooking,,,,,
31.423813,15.410941,100,382,52.249638,0.03125,-0.021484,0.986328,8,686,655,202,0.024,2.058,1.965,0.606,1171,1316.409546,6818049.491,Preparation,,,,,
31.42507,15.260413,100,385,52.165749,0.021484,-0.005859,0.990234,9,687,703,202,0.027,2.061,2.109,0.606,937,1049.164429,5455604.076,Preparation,,,,,
31.425699,15.090007,100,393,52.082367,0.023438,-0.005859,1.015625,7,688,649,202,0.021,2.064,1.947,0.606,924,1034.735962,5379912.664,Preparation,,,,,
31.426014,14.944847,100,390,52.165749,0.029297,-0.013672,0.988281,8,688,700,203,0.024,2.064,2.1,0.609,899,1006.485657,5234352.256,Preparation,,,,,
31.422871,14.859678,100,392,52.165749,0.013672,-0.003906,0.994141,7,686,667,202,0.021,2.058,2.001,0.606,812,-22.998877,0,Preparation,,,,,
31.421299,14.854607,100,387,52.165749,0.013672,-0.017578,0.996094,7,687,636,202,0.021,2.061,1.908,0.606,783,873.803406,4558951.965,Preparation,,,,,
31.423498,14.889709,100,383,52.082367,0.021484,-0.027344,0.996094,7,688,704,201,0.021,2.064,2.112,0.603,1374,1550.600586,8000000,Preparation,,,,,
31.426327,14.919852,100,387,52.082367,0.019531,-0.001953,0.986328,8,686,654,202,0.024,2.058,1.962,0.606,1188,1337.519653,6917030.568,Preparation,,,,,
31.432613,14.91015,100,384,52.082367,0.025391,-0.017578,1.013672,10,687,699,203,0.03,2.061,2.097,0.609,929,-22.998877,0,Preparation,,,,,
31.440159,14.890508,100,378,52.082367,0.017578,-0.005859,0.998047,8,688,700,201,0.024,2.064,2.1,0.603,697,775.387207,4058224.163,Preparation,,,,,
31.447388,14.870856,100,383,51.998478,0.013672,-0.011719,1.003906,8,686,651,203,0.024,2.058,1.953,0.609,463,507.413818,2695778.748,Preparation,,,,,
31.455875,14.7763,100,389,51.914593,0.025391,-0.007812,0.988281,7,687,661,202,0.021,2.061,1.983,0.606,456,499.56015,2655021.834,Preparation,,,,,
31.463419,14.67179,100,387,51.914593,0.019531,-0.009766,0.982422,7,689,674,203,0.021,2.067,2.022,0.609,968,1086.660889,5636098.981,Preparation,,,,,
31.468445,14.582215,100,389,51.831211,0.017578,-0.001953,1.009766,7,687,683,202,0.021,2.061,2.049,0.606,415,-22.998877,0,Preparation,,,,,
31.467503,14.522335,100,396,51.747833,0.021484,-0.009766,0.994141,9,687,695,202,0.027,2.061,2.085,0.606,827,925.411438,4815138.282,Preparation,,,,,
31.46279,14.497191,100,401,51.747833,0.013672,-0.015625,1,9,688,613,204,0.027,2.064,1.839,0.612,480,527.476379,2794759.825,Preparation,,,,,
31.46059,14.477154,100,400,51.747833,0.023438,-0.011719,0.994141,9,689,684,203,0.027,2.067,2.052,0.609,443,485.057373,2579330.422,Preparation,,,,,
31.46059,14.442278,100,395,51.831211,0.017578,-0.011719,0.994141,7,687,665,202,0.021,2.061,1.995,0.606,432,472.48407,2515283.843,Preparation,,,,,
31.459019,14.392401,100,403,51.831211,0.017578,-0.005859,1.017578,9,687,666,202,0.027,2.061,1.998,0.606,456,500.066132,2655021.834,Preparation,,,,,
31.46059,14.34269,100,400,51.747833,0.021484,-0.005859,1.011719,9,687,672,201,0.027,2.061,2.016,0.603,546,603.388489,3179039.301,Preparation,,,,,
31.463419,14.312962,100,398,51.747833,0.029297,-0.009766,1,9,688,603,201,0.027,2.064,1.809,0.603,422,461.181,2457059.68,Preparation,,,,,
31.465931,14.402682,100,394,51.663948,0.017578,-0.001953,0.988281,8,688,651,202,0.024,2.064,1.953,0.606,415,453.057617,2416302.766,Preparation,,,,,
31.463419,14.482268,100,399,51.831211,0.023438,-0.009766,1.005859,9,686,611,204,0.027,2.058,1.833,0.612,436,477.037476,2538573.508,Preparation,,,,,
31.465302,14.512262,100,394,51.831211,0.017578,-0.017578,0.998047,7,687,663,201,0.021,2.061,1.989,0.603,425,464.39563,2474526.929,Preparation,,,,,
31.468445,14.527364,100,399,51.914593,0.015625,-0.019531,0.992188,8,687,631,200,0.024,2.061,1.893,0.6,449,491.916565,2614264.92,Preparation,,,,,
31.472845,14.532556,100,400,51.914593,0.017578,-0.003906,0.994141,7,689,653,203,0.021,2.067,1.959,0.609,546,603.176697,3179039.301,Preparation,,,,,
31.477245,14.562682,100,392,51.831211,0.015625,-0.021484,1.003906,8,688,679,202,0.024,2.064,2.037,0.606,432,472.422485,2515283.843,Preparation,,,,,
31.478504,14.662523,100,400,51.831211,0.017578,-0.005859,0.986328,9,686,643,202,0.027,2.058,1.929,0.606,432,472.308258,2515283.843,Preparation,,,,,
31.478504,14.822356,100,387,51.914593,0.019531,-0.015625,1.017578,9,687,698,203,0.027,2.061,2.094,0.609,422,460.654358,2457059.68,Preparation,,,,,
31.477875,15.007408,100,388,51.914593,0.017578,-0.003906,0.996094,7,688,629,202,0.021,2.064,1.887,0.606,470,515.420532,2736535.662,Preparation,,,,,
31.475046,15.267885,100,387,51.914593,0.029297,-0.021484,1.009766,8,688,686,203,0.024,2.064,2.058,0.609,549,605.503052,3196506.55,Preparation,,,,,
31.475361,15.408473,100,381,51.914593,0.025391,-0.011719,1.007812,9,687,644,201,0.027,2.061,1.932,0.603,446,487.413818,2596797.671,Preparation,,,,,
31.479446,15.403652,100,389,51.998478,0.015625,-0.009766,1.011719,9,686,656,203,0.027,2.058,1.968,0.609,467,511.475159,2719068.413,Preparation,,,,,
31.484161,15.30346,100,386,51.998478,0.023438,-0.011719,1.001953,9,687,698,202,0.027,2.061,2.094,0.606,504,553.989868,2934497.817,Preparation,,,,,
31.489506,15.163272,100,395,52.165749,0.017578,-0.011719,1.015625,7,688,641,200,0.021,2.064,1.923,0.6,1099,1235.656128,6398835.517,Preparation,,,,,
31.493277,15.068247,100,392,52.249638,0.015625,-0.011719,1.003906,8,689,694,202,0.024,2.067,2.082,0.606,676,751.414917,3935953.421,Preparation,,,,,
31.494221,15.083322,100,388,52.082367,0.019531,-0.013672,1.011719,8,687,672,202,0.024,2.061,2.016,0.606,494,542.903503,2876273.654,Preparation,,,,,
31.500507,15.153785,100,390,52.082367,0.019531,-0.003906,1,7,687,681,202,0.021,2.061,2.043,0.606,480,526.806396,2794759.825,Preparation,,,,,
31.503963,15.194063,100,385,52.082367,0.019531,-0.017578,0.998047,8,687,682,203,0.024,2.061,2.046,0.609,484,531.353149,2818049.491,Preparation,,,,,
31.506165,15.128999,100,387,52.082367,0.009766,-0.009766,1.027344,7,688,646,202,0.021,2.064,1.938,0.606,549,605.9151,3196506.55,Preparation,,,,,
31.506165,15.03882,100,382,51.998478,0.019531,-0.005859,1.003906,8,688,694,202,0.024,2.064,2.082,0.606,504,554.49176,2934497.817,Preparation,,,,,
31.50585,14.983732,100,385,52.082367,0.021484,-0.011719,1.003906,10,686,642,202,0.03,2.058,1.926,0.606,511,562.589294,2975254.731,Preparation,,,,,
31.509937,14.978925,100,391,52.082367,0.007812,-0.015625,1.001953,8,687,703,202,0.024,2.061,2.109,0.606,769,858.295166,4477438.137,Preparation,,,,,
31.514965,14.989178,100,390,51.998478,0.013672,-0.017578,0.990234,9,688,668,201,0.027,2.064,2.004,0.603,676,751.734985,3935953.421,Preparation,,,,,
31.517796,14.869234,100,395,51.998478,0.023438,-0.013672,1.003906,9,689,696,204,0.027,2.067,2.088,0.612,680,756.569519,3959243.086,Preparation,,,,,
31.521566,14.684533,100,396,51.998478,0.019531,-0.015625,0.998047,8,688,689,203,0.024,2.064,2.067,0.609,763,2182.6521,11196506.55,Preparation,,,,,
31.519995,14.539761,100,401,51.914593,0.015625,-0.011719,1.003906,8,687,702,203,0.024,2.061,2.106,0.609,829,-22.998877,0,Preparation,,,,,
31.521881,14.400311,100,409,51.831211,0.017578,-0.009766,1,7,688,635,204,0.021,2.064,1.905,0.612,1130,1273.995117,6579330.422,Preparation,,,,,
31.523767,14.305809,100,409,51.747833,0.021484,-0.013672,1.017578,7,689,599,198,0.021,2.067,1.797,0.594,632,702.580322,3679767.103,Preparation,,,,,
31.523138,14.226184,100,412,51.747833,0.011719,-0.017578,1.003906,9,688,665,202,0.027,2.064,1.995,0.606,281,299.668823,1636098.981,Preparation,,,,,
31.423813,17.26696342,100,382,52.249638,0.03125,-0.021484,0.986328,8,686,655,202,0.024,2.058,1.965,0.606,1171,1316.409546,6818049.491,Preparation,,,,,
31.42507,15.16218486,100,385,52.165749,0.021484,-0.005859,0.990234,9,687,703,202,0.027,2.061,2.109,0.606,937,1049.164429,5455604.076,Preparation,,,,,
31.425699,14.67214728,100,393,52.082367,0.023438,-0.005859,1.015625,7,688,649,202,0.021,2.064,1.947,0.606,924,1034.735962,5379912.664,Preparation,,,,,
31.426014,13.37870513,100,390,52.165749,0.029297,-0.013672,0.988281,8,688,700,203,0.024,2.064,2.1,0.609,899,1006.485657,5234352.256,Preparation,,,,,
31.422871,16.63342734,100,392,52.165749,0.013672,-0.003906,0.994141,7,686,667,202,0.021,2.058,2.001,0.606,812,-22.998877,0,Preparation,,,,,
31.421299,14.31333932,100,387,52.165749,0.013672,-0.017578,0.996094,7,687,636,202,0.021,2.061,1.908,0.606,783,873.803406,4558951.965,Preparation,,,,,
31.423498,13.78901048,100,383,52.082367,0.021484,-0.027344,0.996094,7,688,704,201,0.021,2.064,2.112,0.603,1374,1550.600586,8000000,Preparation,,,,,
31.426327,16.57719658,100,387,52.082367,0.019531,-0.001953,0.986328,8,686,654,202,0.024,2.058,1.962,0.606,1188,1337.519653,6917030.568,Preparation,,,,,
31.432613,15.15062668,100,384,52.082367,0.025391,-0.017578,1.013672,10,687,699,203,0.03,2.061,2.097,0.609,929,-22.998877,0,Preparation,,,,,
31.440159,15.90787668,100,378,52.082367,0.017578,-0.005859,0.998047,8,688,700,201,0.024,2.064,2.1,0.603,697,775.387207,4058224.163,Preparation,,,,,
31.447388,14.57984144,100,383,51.998478,0.013672,-0.011719,1.003906,8,686,651,203,0.024,2.058,1.953,0.609,463,507.413818,2695778.748,Preparation,,,,,
31.455875,16.14596694,100,389,51.914593,0.025391,-0.007812,0.988281,7,687,661,202,0.021,2.061,1.983,0.606,456,499.56015,2655021.834,Preparation,,,,,
31.463419,14.08272568,100,387,51.914593,0.019531,-0.009766,0.982422,7,689,674,203,0.021,2.067,2.022,0.609,968,1086.660889,5636098.981,Preparation,,,,,
31.468445,13.60906493,100,389,51.831211,0.017578,-0.001953,1.009766,7,687,683,202,0.021,2.061,2.049,0.606,415,-22.998877,0,Preparation,,,,,
31.467503,15.26367201,100,396,51.747833,0.021484,-0.009766,0.994141,9,687,695,202,0.027,2.061,2.085,0.606,827,925.411438,4815138.282,Preparation,,,,,
31.46279,15.05918497,100,401,51.747833,0.013672,-0.015625,1,9,688,613,204,0.027,2.064,1.839,0.612,480,527.476379,2794759.825,Preparation,,,,,
31.46059,17.28626956,100,400,51.747833,0.023438,-0.011719,0.994141,9,689,684,203,0.027,2.067,2.052,0.609,443,485.057373,2579330.422,Preparation,,,,,
31.46059,15.07961502,100,395,51.831211,0.017578,-0.011719,0.994141,7,687,665,202,0.021,2.061,1.995,0.606,432,472.48407,2515283.843,Preparation,,,,,
31.459019,17.10162209,100,403,51.831211,0.017578,-0.005859,1.017578,9,687,666,202,0.027,2.061,1.998,0.606,456,500.066132,2655021.834,Preparation,,,,,
31.46059,14.16950976,100,400,51.747833,0.021484,-0.005859,1.011719,9,687,672,201,0.027,2.061,2.016,0.603,546,603.388489,3179039.301,Preparation,,,,,
31.463419,14.10037387,100,398,51.747833,0.029297,-0.009766,1,9,688,603,201,0.027,2.064,1.809,0.603,422,461.181,2457059.68,Preparation,,,,,
31.465931,13.75015312,100,394,51.663948,0.017578,-0.001953,0.988281,8,688,651,202,0.024,2.064,1.953,0.606,415,453.057617,2416302.766,Preparation,,,,,
31.463419,13.5609585,100,399,51.831211,0.023438,-0.009766,1.005859,9,686,611,204,0.027,2.058,1.833,0.612,436,477.037476,2538573.508,Preparation,,,,,
31.465302,16.17313818,100,394,51.831211,0.017578,-0.017578,0.998047,7,687,663,201,0.021,2.061,1.989,0.603,425,464.39563,2474526.929,Preparation,,,,,
31.468445,15.15743004,100,399,51.914593,0.015625,-0.019531,0.992188,8,687,631,200,0.024,2.061,1.893,0.6,449,491.916565,2614264.92,Preparation,,,,,
31.472845,14.11312145,100,400,51.914593,0.017578,-0.003906,0.994141,7,689,653,203,0.021,2.067,1.959,0.609,546,603.176697,3179039.301,Preparation,,,,,
31.477245,14.58292032,100,392,51.831211,0.015625,-0.021484,1.003906,8,688,679,202,0.024,2.064,2.037,0.606,432,472.422485,2515283.843,Preparation,,,,,
31.478504,14.81454832,100,400,51.831211,0.017578,-0.005859,0.986328,9,686,643,202,0.027,2.058,1.929,0.606,432,472.308258,2515283.843,Preparation,,,,,
31.478504,15.91805013,100,387,51.914593,0.019531,-0.015625,1.017578,9,687,698,203,0.027,2.061,2.094,0.609,422,460.654358,2457059.68,Preparation,,,,,
31.477875,15.34531717,100,388,51.914593,0.017578,-0.003906,0.996094,7,688,629,202,0.021,2.064,1.887,0.606,470,515.420532,2736535.662,Preparation,,,,,
31.475046,13.32622155,100,387,51.914593,0.029297,-0.021484,1.009766,8,688,686,203,0.024,2.064,2.058,0.609,549,605.503052,3196506.55,Preparation,,,,,
31.475361,15.80156649,100,381,51.914593,0.025391,-0.011719,1.007812,9,687,644,201,0.027,2.061,1.932,0.603,446,487.413818,2596797.671,Preparation,,,,,
31.479446,13.69929796,100,389,51.998478,0.015625,-0.009766,1.011719,9,686,656,203,0.027,2.058,1.968,0.609,467,511.475159,2719068.413,Preparation,,,,,
31.484161,15.85385042,100,386,51.998478,0.023438,-0.011719,1.001953,9,687,698,202,0.027,2.061,2.094,0.606,504,553.989868,2934497.817,Preparation,,,,,
31.489506,16.11048359,100,395,52.165749,0.017578,-0.011719,1.015625,7,688,641,200,0.021,2.064,1.923,0.6,1099,1235.656128,6398835.517,Preparation,,,,,
31.493277,17.0404272,100,392,52.249638,0.015625,-0.011719,1.003906,8,689,694,202,0.024,2.067,2.082,0.606,676,751.414917,3935953.421,Preparation,,,,,
31.494221,17.29943151,100,388,52.082367,0.019531,-0.013672,1.011719,8,687,672,202,0.024,2.061,2.016,0.606,494,542.903503,2876273.654,Preparation,,,,,
31.500507,15.19882746,100,390,52.082367,0.019531,-0.003906,1,7,687,681,202,0.021,2.061,2.043,0.606,480,526.806396,2794759.825,Preparation,,,,,
31.503963,17.13398262,100,385,52.082367,0.019531,-0.017578,0.998047,8,687,682,203,0.024,2.061,2.046,0.609,484,531.353149,2818049.491,Preparation,,,,,
31.506165,17.14019379,100,387,52.082367,0.009766,-0.009766,1.027344,7,688,646,202,0.021,2.064,1.938,0.606,549,605.9151,3196506.55,Preparation,,,,,
31.506165,15.0298585,100,382,51.998478,0.019531,-0.005859,1.003906,8,688,694,202,0.024,2.064,2.082,0.606,504,554.49176,2934497.817,Preparation,,,,,
31.50585,17.39946274,100,385,52.082367,0.021484,-0.011719,1.003906,10,686,642,202,0.03,2.058,1.926,0.606,511,562.589294,2975254.731,Preparation,,,,,
31.509937,15.13863224,100,391,52.082367,0.007812,-0.015625,1.001953,8,687,703,202,0.024,2.061,2.109,0.606,769,858.295166,4477438.137,Preparation,,,,,
31.514965,13.91816322,100,390,51.998478,0.013672,-0.017578,0.990234,9,688,668,201,0.027,2.064,2.004,0.603,676,751.734985,3935953.421,Preparation,,,,,
31.517796,17.38039641,100,395,51.998478,0.023438,-0.013672,1.003906,9,689,696,204,0.027,2.067,2.088,0.612,680,756.569519,3959243.086,Preparation,,,,,
31.521566,13.65847089,100,396,51.998478,0.019531,-0.015625,0.998047,8,688,689,203,0.024,2.064,2.067,0.609,763,2182.6521,11196506.55,Preparation,,,,,
31.519995,15.70180855,100,401,51.914593,0.015625,-0.011719,1.003906,8,687,702,203,0.024,2.061,2.106,0.609,829,-22.998877,0,Preparation,,,,,
31.521881,13.96566288,100,409,51.831211,0.017578,-0.009766,1,7,688,635,204,0.021,2.064,1.905,0.612,1130,1273.995117,6579330.422,Preparation,,,,,
31.523767,15.30154423,100,409,51.747833,0.021484,-0.013672,1.017578,7,689,599,198,0.021,2.067,1.797,0.594,632,702.580322,3679767.103,Preparation,,,,,
31.523138,14.31698065,100,412,51.747833,0.011719,-0.017578,1.003906,9,688,665,202,0.027,2.064,1.995,0.606,281,299.668823,1636098.981,Preparation,,,,,
31.519995,14.146501,100,415,51.663948,0.021484,-0.017578,1.011719,7,686,580,199,0.021,2.058,1.74,0.597,474,521.375732,2759825.328,Preparation,,,,,
31.521566,14.126697,100,413,51.747833,0.015625,-0.009766,1.001953,7,687,682,202,0.021,2.061,2.046,0.606,449,492.697083,2614264.92,Preparation,,,,,
31.523453,14.265987,100,410,51.831211,0.019531,-0.007812,0.996094,9,687,686,202,0.027,2.061,2.058,0.606,535,591.27533,3114992.722,Preparation,,,,,
31.528797,14.375732,100,406,51.831211,0.023438,-0.013672,1.003906,9,688,606,201,0.027,2.064,1.818,0.603,432,472.907532,2515283.843,Preparation,,,,,
31.533512,14.361014,100,415,51.831211,0.019531,-0.015625,1.009766,8,688,657,201,0.024,2.064,1.971,0.603,460,505.093781,2678311.499,Preparation,,,,,
31.538227,14.331366,100,409,51.914593,0.015625,-0.007812,1.007812,9,686,617,203,0.027,2.058,1.851,0.609,480,528.120483,2794759.825,Preparation,,,,,
31.539169,14.326429,100,411,51.914593,0.017578,-0.011719,1.015625,7,687,662,199,0.021,2.061,1.986,0.597,429,469.574646,2497816.594,Preparation,,,,,
31.540741,14.331482,100,408,51.914593,0.025391,-0.011719,0.998047,7,688,591,203,0.021,2.064,1.773,0.609,281,299.643707,1636098.981,Preparation,,,,,
31.540741,14.316549,100,420,51.831211,0.007812,-0.009766,1.009766,8,689,609,201,0.024,2.067,1.827,0.603,346,374.290771,2014556.041,Preparation,,,,,
31.544514,14.30677,100,422,51.831211,0.023438,-0.019531,0.998047,7,687,662,202,0.021,2.061,1.986,0.606,622,-22.998877,0,Preparation,,,,,
31.553944,14.342051,100,418,51.831211,0.019531,-0.017578,0.992188,9,688,677,202,0.027,2.064,2.031,0.606,1147,1294.122437,6678311.499,Preparation,,,,,
31.560858,14.387185,100,410,51.831211,0.017578,-0.011719,1.007812,9,689,687,203,0.027,2.067,2.061,0.609,1288,1455.976562,7499272.198,Preparation,,,,,
31.561487,14.402158,100,412,51.747833,0.019531,-0.001953,0.994141,7,686,652,202,0.021,2.058,1.956,0.606,2662,3033.611572,15499272.2,Preparation,,,,,
31.568085,14.397485,100,419,51.663948,0.019531,-0.013672,1.011719,8,687,689,202,0.024,2.061,2.067,0.606,683,761.309265,3976710.335,Preparation,,,,,
31.569656,14.347759,100,419,51.663948,0.019531,-0.009766,1.001953,8,688,561,200,0.024,2.064,1.683,0.6,508,560.431763,2957787.482,Preparation,,,,,
31.574686,14.25841,100,424,51.747833,0.021484,-0.019531,0.980469,8,689,591,200,0.024,2.067,1.773,0.6,498,549.100403,2899563.319,Preparation,,,,,
31.582544,14.18417,100,421,51.663948,0.017578,-0.017578,1.021484,7,688,635,201,0.021,2.064,1.905,0.603,360,390.67453,2096069.869,Preparation,,,,,
31.587574,14.159545,100,423,51.663948,0.021484,-0.015625,0.992188,9,687,624,200,0.027,2.061,1.872,0.6,412,450.479797,2398835.517,Preparation,,,,,
31.584116,14.17927,100,425,51.747833,0.007812,-0.009766,0.994141,9,687,650,198,0.027,2.061,1.95,0.594,480,528.580994,2794759.825,Preparation,,,,,
31.582544,14.228925,100,419,51.831211,0.017578,-0.019531,1.001953,7,688,545,196,0.021,2.064,1.635,0.588,456,500.930359,2655021.834,Preparation,,,,,
31.584431,14.323553,100,413,51.831211,0.029297,-0.015625,1,7,688,649,201,0.021,2.064,1.947,0.603,456,500.819824,2655021.834,Preparation,,,,,
31.595118,14.443586,100,411,51.831211,0.023438,-0.009766,1.009766,9,686,563,201,0.027,2.058,1.689,0.603,480,528.287903,2794759.825,Preparation,,,,,
31.605175,14.558734,100,415,51.914593,0.019531,-0.003906,0.994141,8,687,697,203,0.024,2.061,2.091,0.609,2741,3124.517334,15959243.09,Preparation,,,,,
31.608948,14.613796,100,419,51.831211,0.025391,-0.007812,1.009766,8,689,653,203,0.024,2.067,1.959,0.609,2583,2942.800293,15039301.31,Preparation,,,,,
31.614292,14.584107,100,419,51.831211,0.015625,-0.009766,1.011719,7,688,536,197,0.021,2.064,1.608,0.591,281,299.686005,1636098.981,Preparation,,,,,
31.61932,14.549423,100,420,51.831211,0.019531,-0.009766,0.992188,9,687,613,202,0.027,2.061,1.839,0.606,480,528.28125,2794759.825,Preparation,,,,,
31.620264,14.419849,100,418,51.747833,0.017578,-0.013672,0.998047,7,688,635,202,0.021,2.064,1.905,0.606,611,678.962769,3557496.361,Preparation,,,,,
31.627178,14.290694,100,422,51.663948,0.027344,-0.015625,1.005859,7,689,668,203,0.021,2.067,2.004,0.609,621,690.725586,3615720.524,Preparation,,,,,
31.62875,14.211161,100,417,51.580063,0.029297,-0.015625,1.005859,9,687,661,202,0.027,2.061,1.983,0.606,666,742.605042,3877729.258,Preparation,,,,,
31.63378,14.231289,100,413,51.663948,0.017578,-0.009766,1.005859,8,687,705,201,0.024,2.061,2.115,0.603,691,-22.998877,0,Preparation,,,,,
31.637867,14.530344,100,416,51.747833,0.025391,-0.009766,1.013672,9,689,672,202,0.027,2.067,2.016,0.606,1720,1952.884766,10014556.04,Preparation,,,,,
31.634409,14.994961,100,410,51.663948,0.021484,0.001953,1.023438,7,688,693,202,0.021,2.064,2.079,0.606,989,1111.810181,5758369.723,Preparation,,,,,
31.63158,15.044909,100,417,51.663948,0.017578,-0.009766,1,8,687,685,202,0.024,2.061,2.055,0.606,436,477.205688,2538573.508,Preparation,,,,,
31.634094,14.88483,100,411,51.663948,0.009766,-0.007812,1.011719,9,688,652,199,0.027,2.064,1.956,0.597,539,595.630249,3138282.387,Preparation,,,,,
31.632837,14.709801,100,417,51.663948,0.017578,-0.003906,1.011719,9,688,607,202,0.027,2.064,1.821,0.606,546,603.923462,3179039.301,Preparation,,,,,
31.63158,14.525063,100,423,51.747833,0.013672,-0.015625,0.996094,7,689,647,202,0.021,2.067,1.941,0.606,542,599.6026,3155749.636,Preparation,,,,,
31.637552,14.365859,100,421,51.663948,0.025391,-0.015625,1.009766,7,687,641,201,0.021,2.061,1.923,0.603,594,659.641113,3458515.284,Preparation,,,,,
31.642267,14.231682,100,426,51.663948,0.023438,-0.009766,1.009766,10,687,662,202,0.03,2.061,1.986,0.606,580,643.801331,3377001.456,Preparation,,,,,
31.652325,14.16252,100,423,51.580063,0.009766,-0.011719,0.988281,8,688,666,201,0.024,2.064,1.998,0.603,625,695.729797,3639010.189,Preparation,,,,,
31.661127,14.093337,100,427,51.663948,0.023438,-0.001953,0.986328,9,689,667,203,0.027,2.067,2.001,0.609,604,671.759216,3516739.447,Preparation,,,,,
31.665524,14.058764,100,428,51.663948,0.021484,-0.007812,1.009766,9,687,669,199,0.027,2.061,2.007,0.597,1009,1137.764282,5874818.049,Preparation,,,,,
31.674011,14.019416,100,427,51.580063,0.058594,-0.097656,0.986328,7,687,714,203,0.021,2.061,2.142,0.609,460,506.285553,2678311.499,Preparation,,,,,
31.673069,14.257982,100,417,51.663948,0.089844,-0.025391,1.056641,9,688,656,202,0.027,2.064,1.968,0.606,491,541.622009,2858806.405,Preparation,,,,,
31.674641,14.731774,100,418,51.663948,-0.015625,0.048828,0.859375,7,689,691,201,0.021,2.067,2.073,0.603,494,544.426697,2876273.654,Preparation,,,,,
31.668354,15.09681,100,419,51.580063,0.013672,-0.056641,0.988281,9,688,696,202,0.027,2.064,2.088,0.606,340,367.165161,1979621.543,Preparation,,,,,
31.673697,15.99273,100,402,51.580063,0.074219,0.039062,1.089844,6,687,703,202,0.018,2.061,2.109,0.606,340,366.334991,1979621.543,Preparation,,,,,
31.679041,16.681957,100,397,51.663948,0.896484,0.955078,-1.816406,8,688,666,200,0.024,2.064,1.998,0.6,484,530.327271,2818049.491,Preparation,,,,,
31.682812,17.165791,100,402,51.747833,0.101562,-0.039062,1.017578,7,689,701,203,0.021,2.067,2.103,0.609,549,603.91925,3196506.55,Preparation,,,,,
31.699787,17.360727,100,388,51.831211,0.146484,0.076172,1.050781,7,687,653,202,0.021,2.061,1.959,0.606,721,800.080505,4197962.154,Preparation,,,,,
31.72179,17.592112,100,385,51.831211,0.130859,0.095703,1.017578,9,688,692,203,0.027,2.064,2.076,0.609,800,889.953003,4657933.042,Preparation,,,,,
31.743164,17.577948,100,380,51.914593,0.101562,0.117188,0.953125,6,688,639,200,0.018,2.064,1.917,0.6,570,627.643738,3318777.293,Preparation,,,,,
31.759823,17.200624,100,387,51.831211,0.101562,0.144531,0.970703,9,689,661,202,0.027,2.067,1.983,0.606,717,796.336304,4174672.489,Preparation,,,,,
31.764853,16.798388,100,390,51.663948,0.107422,0.117188,0.925781,8,688,658,198,0.024,2.064,1.974,0.594,748,832.645569,4355167.394,Preparation,,,,,
31.777109,16.951746,100,380,51.663948,0.054688,0.115234,0.976562,9,687,623,202,0.027,2.061,1.869,0.606,546,601.419678,3179039.301,Preparation,,,,,
31.798483,17.50938,100,375,51.496181,0.056641,0.193359,0.988281,8,688,662,202,0.024,2.064,1.986,0.606,491,537.87738,2858806.405,Preparation,,,,,
31.821743,17.879694,100,367,51.496181,0.054688,0.171875,0.998047,8,688,609,202,0.024,2.064,1.827,0.606,487,532.935974,2835516.739,Preparation,,,,,
31.851604,18.045771,100,364,51.496181,0.115234,0.083984,0.988281,8,689,659,201,0.024,2.067,1.977,0.603,700,776.004761,4075691.412,Preparation,,,,,
31.880209,18.769238,100,356,51.496181,0.824219,-0.234375,0.554688,8,688,653,202,0.024,2.064,1.959,0.606,1178,1319.620605,6858806.405,Preparation,,,,,
31.907867,19.008989,100,356,51.496181,-0.322266,-0.673828,0.572266,9,688,712,202,0.027,2.064,2.136,0.606,539,591.135986,3138282.387,Preparation,,,,,
31.9305,18.906759,100,356,51.496181,-0.322266,-0.046875,0.980469,9,688,681,202,0.027,2.064,2.043,0.606,549,602.831543,3196506.55,Preparation,,,,,
31.948101,18.695707,100,361,51.496181,0.025391,-0.003906,1,8,690,589,199,0.024,2.07,1.767,0.597,305,324.927124,1775836.972,Preparation,,,,,
31.960047,18.180599,100,364,51.496181,0.019531,-0.005859,1.003906,9,687,605,201,0.027,2.061,1.815,0.603,491,537.880066,2858806.405,Preparation,,,,,
31.967276,17.585369,100,365,51.580063,0.025391,-0.009766,1.013672,7,688,619,200,0.021,2.064,1.857,0.6,498,546.746643,2899563.319,Preparation,,,,,
31.971048,16.921494,100,376,51.580063,0.021484,-0.003906,0.994141,9,688,560,199,0.027,2.064,1.68,0.597,487,535.086914,2835516.739,Preparation,,,,,
31.970104,16.331957,100,384,51.580063,0.025391,-0.011719,1,8,690,624,201,0.024,2.07,1.872,0.603,498,548.507568,2899563.319,Preparation,,,,,
31.970104,15.846308,100,388,51.663948,0.023438,-0.009766,1.017578,9,687,581,198,0.027,2.061,1.743,0.594,484,533.098022,2818049.491,Preparation,,,,,
31.968533,15.548745,100,391,51.663948,0.023438,-0.013672,1.007812,7,687,680,203,0.021,2.061,2.04,0.609,463,509.346466,2695778.748,Preparation,,,,,
31.969477,15.347539,100,398,51.747833,0.027344,-0.007812,1.009766,9,688,684,199,0.027,2.064,2.052,0.597,480,529.167725,2794759.825,Preparation,,,,,
31.966648,15.14649,100,395,51.663948,0.021484,-0.013672,1.017578,7,690,656,203,0.021,2.07,1.968,0.609,498,550.13739,2899563.319,Preparation,,,,,
31.960989,15.266715,100,394,51.580063,0.021484,-0.017578,1,9,689,631,201,0.027,2.067,1.893,0.603,515,569.495422,2998544.396,Preparation,,,,,
31.957218,15.256481,100,394,51.580063,0.019531,-0.007812,0.994141,7,686,581,201,0.021,2.058,1.743,0.603,504,556.832458,2934497.817,Preparation,,,,,
31.950302,15.2009,100,396,51.580063,0.023438,-0.009766,0.994141,9,688,648,202,0.027,2.064,1.944,0.606,480,529.257263,2794759.825,Preparation,,,,,
31.947474,15.120463,100,396,51.580063,0.03125,-0.007812,1,9,689,644,201,0.027,2.067,1.932,0.603,508,561.569702,2957787.482,Preparation,,,,,
31.943073,15.024964,100,398,51.580063,0.017578,-0.017578,1.019531,8,689,698,203,0.024,2.067,2.094,0.609,549,608.867859,3196506.55,Preparation,,,,,
31.938671,14.929547,100,398,51.580063,0.015625,-0.003906,0.990234,9,687,688,202,0.027,2.061,2.064,0.606,504,557.184021,2934497.817,Preparation,,,,,
31.936157,14.8343,100,403,51.580063,0.011719,-0.015625,0.970703,8,688,636,200,0.024,2.064,1.908,0.6,508,561.909119,2957787.482,Preparation,,,,,
31.930185,14.798987,100,401,51.580063,0.017578,-0.007812,0.992188,9,690,690,202,0.027,2.07,2.07,0.606,508,561.923889,2957787.482,Preparation,,,,,
31.92547,14.723744,100,402,51.580063,0.017578,-0.007812,1.015625,7,686,645,202,0.021,2.058,1.935,0.606,549,609.217468,3196506.55,Preparation,,,,,
31.923584,14.63869,100,402,51.580063,0.029297,-0.009766,1,8,688,699,202,0.024,2.064,2.097,0.606,504,557.505188,2934497.817,Preparation,,,,,
31.918554,14.568531,100,402,51.496181,0.029297,-0.009766,1.005859,9,690,654,202,0.027,2.07,1.962,0.606,515,570.245789,2998544.396,Preparation,,,,,
31.916355,14.553452,100,408,51.580063,0.021484,-0.003906,1.019531,9,689,700,202,0.027,2.067,2.1,0.606,635,708.487976,3697234.352,Preparation,,,,,
31.914154,14.59329,100,403,51.580063,0.021484,-0.021484,1.003906,9,686,660,202,0.027,2.058,1.98,0.606,504,557.513855,2934497.817,Preparation,,,,,
31.912582,14.608199,100,405,51.663948,0.021484,-0.017578,1.005859,8,688,704,200,0.024,2.064,2.112,0.6,494,545.966064,2876273.654,Preparation,,,,,
31.914783,14.558372,100,404,51.580063,-0.292969,-0.056641,1.015625,7,688,665,202,0.021,2.064,1.995,0.606,274,292.626068,1595342.067,Preparation,,,,,
31.91164,14.543244,100,405,51.580063,-0.070312,-0.087891,0.855469,7,690,707,203,0.021,2.07,2.121,0.609,346,375.565948,2014556.041,"Cooking, nearby",,,,,
31.914154,14.743203,100,399,51.580063,-0.048828,-0.013672,1.017578,7,688,693,202,0.021,2.064,2.079,0.606,697,779.521301,4058224.163,"Cooking, nearby",,,,,
31.929871,15.159744,100,397,51.580063,-0.054688,0.005859,1.001953,9,687,700,200,0.027,2.061,2.1,0.6,316,340.530914,1839883.552,"Cooking, nearby",,,,,
31.951559,15.256202,100,399,51.663948,-0.066406,-0.021484,0.978516,9,688,704,202,0.027,2.064,2.112,0.606,326,352.02951,1898107.715,"Cooking, nearby",,,,,
31.973248,15.342698,100,394,51.580063,-0.076172,-0.015625,0.988281,9,689,648,202,0.027,2.067,1.944,0.606,353,383.093933,2055312.955,"Cooking, nearby",,,,,
32.002163,16.02479,100,379,51.496181,-0.060547,0.003906,1.013672,9,690,702,202,0.027,2.07,2.106,0.606,343,371.051544,1997088.792,"Cooking, nearby",,,,,
32.031082,16.690592,100,376,51.580063,-0.074219,-0.007812,0.990234,9,688,690,201,0.027,2.064,2.07,0.603,779,870.75647,4535662.3,"Cooking, nearby",,,,,
32.051514,16.600182,100,377,51.663948,-0.080078,-0.007812,1,8,687,674,200,0.024,2.061,2.022,0.6,817,914.755066,4756914.119,"Cooking, nearby",,,,,
32.075718,16.220926,100,379,51.580063,-0.076172,-0.037109,1.021484,9,688,693,202,0.027,2.064,2.079,0.606,340,367.709869,1979621.543,"Cooking, nearby",,,,,
32.094261,16.17631,100,381,51.580063,-0.136719,-0.025391,1.076172,9,689,449,197,0.027,2.067,1.347,0.591,1260,1425.350952,7336244.541,"Cooking, nearby",,,,,
32.112179,15.9344,100,383,51.580063,0.003906,-0.070312,1.003906,9,690,698,203,0.027,2.07,2.094,0.609,484,533.779602,2818049.491,"Cooking, nearby",,,,,
32.127892,15.682763,100,385,51.496181,0.34375,-0.009766,0.953125,7,689,668,197,0.021,2.067,2.004,0.591,662,739.131958,3854439.592,"Cooking, nearby",,,,,
32.160896,15.896468,100,375,51.580063,0.363281,0.109375,0.96875,9,688,605,200,0.027,2.064,1.815,0.6,803,901.287964,4675400.291,"Cooking, nearby",,,,,
32.210876,16.283735,100,374,51.580063,0.347656,0.208984,1.060547,7,689,669,201,0.021,2.067,2.007,0.603,645,719.100586,3755458.515,"Cooking, nearby",,,,,
32.263996,16.47937,100,369,51.580063,-0.148438,-0.410156,-1.197266,7,689,474,193,0.021,2.067,1.422,0.579,511,564.964722,2975254.731,"Cooking, nearby",,,,,
32.312401,16.192736,100,376,51.580063,0.087891,0.158203,-1.03125,9,689,369,194,0.027,2.067,1.107,0.582,965,1088.660156,5618631.732,"Cooking, nearby",,,,,
32.48811,17.891953,100,297,51.496181,0.091797,0.164062,-1.037109,7,691,365,193,0.021,2.073,1.095,0.579,484,533.250549,2818049.491,"Cooking, nearby",,,,,
32.663189,21.296621,100,224,51.496181,0.107422,0.066406,-0.990234,9,691,379,191,0.027,2.073,1.137,0.573,484,529.631897,2818049.491,"Cooking, nearby",,,,,
32.838585,21.065336,100,214,51.496181,0.111328,0.183594,-1.007812,8,690,359,193,0.024,2.07,1.077,0.579,563,621.347839,3278020.378,"Cooking, nearby",,,,,
33.024979,19.701677,100,222,51.580063,0.064453,0.152344,-0.972656,7,689,331,192,0.021,2.067,0.993,0.576,549,608.608887,3196506.55,"Cooking, nearby",,,,,
33.228035,18.683727,100,229,51.663948,0.056641,0.134766,-1.025391,9,690,323,192,0.027,2.07,0.969,0.576,470,520.170349,2736535.662,"Cooking, nearby",,,,,
33.461578,18.340254,100,222,51.580063,0.058594,0.177734,-0.998047,7,691,348,189,0.021,2.073,1.044,0.567,480,533.493225,2794759.825,"Cooking, nearby",,,,,
33.69355,20.546766,100,169,51.580063,0.082031,0.189453,-0.998047,9,692,335,191,0.027,2.076,1.005,0.573,549,611.586426,3196506.55,"Cooking, nearby",,,,,
34.064777,21.44375,100,144,51.412804,0.066406,0.142578,-0.943359,8,695,348,192,0.024,2.085,1.044,0.576,480,532.701477,2794759.825,"Cooking, nearby",,,,,
34.484722,26.998804,100,95,51.412804,0.048828,0.154297,-0.921875,9,694,343,188,0.027,2.082,1.029,0.564,480,527.596741,2794759.825,"Cooking, nearby",,,,,
34.743416,30.070002,100,73,51.329426,0.085938,0.1875,-0.972656,9,692,334,191,0.027,2.076,1.002,0.573,590,650.488159,3435225.619,"Cooking, nearby",,,,,
34.954647,30.837908,100,63,51.245548,0.041016,0.205078,-0.933594,7,692,354,193,0.021,2.076,1.062,0.579,480,525.073303,2794759.825,"Cooking, nearby",,,,,
35.129105,28.696831,100,62,51.329426,0.074219,0.107422,-0.966797,7,693,340,190,0.021,2.079,1.02,0.57,487,536.969482,2835516.739,"Cooking, nearby",,,,,
35.322418,25.025887,100,67,51.329426,0.123047,0.164062,-0.933594,9,694,307,191,0.027,2.082,0.921,0.573,549,615.127441,3196506.55,"Cooking, nearby",,,,,
35.605637,22.452662,100,72,51.16217,0.119141,0.175781,-0.980469,7,695,327,186,0.021,2.085,0.981,0.558,511,576.318604,2975254.731,"Cooking, nearby",,,,,
35.826927,21.569292,100,74,51.16217,0.121094,0.1875,-0.980469,8,696,311,190,0.024,2.088,0.933,0.57,1983.174316,2654.318115,13234352.26,"Cooking, away",,,,,
36.020561,19.86482,100,80,51.16217,0.123047,0.160156,-0.976562,9,696,391,192,0.027,2.088,1.173,0.576,1975.089233,623.954712,3179039.301,"Cooking, away",,,,,
36.197216,18.690689,100,86,51.245548,0.115234,0.201172,-1.019531,9,694,321,190,0.027,2.082,0.963,0.57,1971.552002,626.869507,3179039.301,"Cooking, away",,,,,
36.337097,17.855864,100,92,51.16217,0.128906,0.195312,-1.009766,9,694,317,191,0.027,2.082,0.951,0.573,1971.352295,677.994873,3417758.37,"Cooking, away",,,,,
36.485779,16.83073,100,99,51.329426,0.314453,-0.042969,-0.980469,7,695,362,187,0.021,2.085,1.086,0.561,1986.191772,2796.563721,13694323.14,"Cooking, away",,,,,
36.631004,16.314621,100,103,51.16217,0.230469,0.103516,-0.943359,7,696,321,189,0.021,2.088,0.963,0.567,1977.985596,1252.24585,6177583.697,"Cooking, away",,,,,
36.819607,17.024553,100,93,51.078293,0.207031,0.201172,-1,7,697,352,189,0.021,2.091,1.056,0.567,1977.193848,686.263306,3435225.619,"Cooking, away",,,,,
36.996582,18.295347,100,78,50.994411,0.287109,-0.115234,-1.042969,11,695,361,192,0.033,2.085,1.083,0.576,1992.251953,747.817505,3737991.266,"Cooking, away",,,,,
37.128605,17.429848,100,77,50.910534,0.212891,0.179688,-0.960938,7,695,343,190,0.021,2.085,1.029,0.57,1979.866699,597.37262,2998544.396,"Cooking, away",,,,,
37.256226,16.729153,100,80,51.078293,0.208984,0.201172,-0.949219,7,696,414,192,0.021,2.088,1.242,0.576,2510,2267.462402,11039301.31,"Cooking, away",,,,,
37.47155,18.543348,100,65,50.827667,0.064453,0.257812,-0.988281,9,697,370,189,0.027,2.091,1.11,0.567,1977.193848,-22.998877,0,"Cooking, away",,,,,
37.692532,22.020706,100,48,50.74379,0.076172,0.25,-0.984375,7,697,389,190,0.021,2.091,1.167,0.57,1970.04187,836.211853,4174672.489,"Cooking, away",,,,,
37.912575,23.59409,100,40,50.659912,0.126953,0.289062,-0.972656,9,696,367,192,0.027,2.088,1.101,0.576,1965.968628,863.612427,4314410.48,"Cooking, away",,,,,
38.051514,23.658983,100,36,50.659912,0.146484,0.244141,-0.978516,8,697,408,192,0.024,2.091,1.224,0.576,2510,2983.838135,14614264.92,"Cooking, away",,,,,
38.159019,21.355965,100,38,50.659912,0.234375,0.164062,-0.96875,9,697,413,190,0.027,2.091,1.239,0.57,1979.161377,-22.998877,0,"Cooking, away",,,,,
38.272182,19.022814,100,41,50.659912,0.210938,-0.171875,-0.878906,7,699,434,191,0.021,2.097,1.302,0.573,1982.093384,-22.998877,0,"Cooking, away",,,,,
38.336937,17.058332,100,46,50.659912,-0.179688,-0.103516,-1.083984,7,696,423,193,0.021,2.088,1.269,0.579,549,646.624084,3196506.55,"Cooking, nearby",,,,,
38.360199,15.58653,100,51,50.576038,0.080078,-0.066406,-0.992188,7,697,391,190,0.021,2.091,1.173,0.57,391,455.623505,2276564.774,"Cooking, nearby",,,,,
38.46645,15.223871,100,52,50.576038,0.005859,-0.044922,-1.007812,8,698,364,190,0.024,2.094,1.092,0.57,415,485.935913,2416302.766,"Cooking, nearby",,,,,
38.569553,15.576978,100,49,50.576038,-0.003906,-0.085938,-1.013672,8,699,389,190,0.024,2.097,1.167,0.57,391,456.587158,2276564.774,"Cooking, nearby",,,,,
38.667629,14.815916,100,52,50.492668,0.052734,-0.097656,-0.972656,8,698,386,189,0.024,2.094,1.158,0.567,381,445.567047,2218340.611,"Cooking, nearby",,,,,
38.782368,14.181557,100,57,50.492668,-0.0625,-0.099609,-0.988281,9,698,386,190,0.027,2.094,1.158,0.57,367,429.490387,2136826.783,"Cooking, nearby",,,,,
38.957455,16.51355,100,47,50.492668,-0.017578,-0.132812,-1.005859,7,699,401,185,0.021,2.097,1.203,0.555,367,427.846771,2136826.783,"Cooking, nearby",,,,,
39.1008,19.423237,100,38,50.492668,0.136719,-0.097656,-0.96875,7,699,359,191,0.021,2.097,1.077,0.573,522,614.884949,3039301.31,"Cooking, nearby",,,,,
39.203278,18.701878,100,36,50.492668,0.021484,-0.167969,-0.986328,9,700,398,190,0.027,2.1,1.194,0.57,388,452.382233,2259097.525,"Cooking, nearby",,,,,
39.295067,17.019314,100,38,50.492668,0.076172,-0.128906,-1.015625,7,698,377,191,0.021,2.094,1.131,0.573,388,454.62146,2259097.525,"Cooking, nearby",,,,,
39.388741,15.789501,100,40,50.408794,0.066406,-0.173828,-0.988281,9,699,410,186,0.027,2.097,1.23,0.558,395,465.026825,2299854.44,"Cooking, nearby",,,,,
39.463871,15.742068,100,39,50.408794,0.085938,-0.175781,-0.96875,6,699,400,188,0.018,2.097,1.2,0.564,401,472.843872,2334788.937,"Cooking, nearby",,,,,
39.548744,14.870296,100,42,50.408794,0.080078,-0.195312,-0.990234,9,701,398,191,0.027,2.103,1.194,0.573,391,461.817749,2276564.774,"Cooking, nearby",,,,,
39.630478,14.166561,100,46,50.492668,0.085938,-0.173828,-1.015625,9,699,382,188,0.027,2.097,1.146,0.564,518,620.802002,3016011.645,"Cooking, nearby",,,,,
39.717552,13.633594,100,49,50.408794,0.078125,-0.189453,-0.96875,9,699,381,186,0.027,2.097,1.143,0.558,566,681.87616,3295487.627,"Cooking, nearby",,,,,
39.814686,13.42083,100,53,50.408794,-0.125,-0.242188,-1.007812,8,700,392,189,0.024,2.1,1.176,0.567,370,438.423676,2154294.032,"Cooking, nearby",,,,,
39.962116,13.336722,100,57,50.325424,-0.115234,-0.195312,-1.011719,7,700,358,186,0.021,2.1,1.074,0.558,370,439.145874,2154294.032,"Cooking, nearby",,,,,
40.118347,13.293381,100,60,50.325424,-0.134766,-0.210938,-0.992188,7,702,378,186,0.021,2.106,1.134,0.558,528,637.518738,3074235.808,"Cooking, nearby",,,,,
40.287785,12.902822,100,63,50.241554,-0.035156,-0.142578,-0.992188,9,701,388,190,0.027,2.103,1.164,0.57,391,467.332642,2276564.774,"Cooking, nearby",,,,,
40.413525,12.556468,100,67,50.158184,-0.041016,-0.167969,-0.984375,7,699,361,190,0.021,2.097,1.083,0.57,398,477.07901,2317321.689,"Cooking, nearby",,,,,
40.512859,12.525626,100,69,50.158184,-0.064453,-0.171875,-1.011719,7,701,395,190,0.021,2.103,1.185,0.57,381,456.192413,2218340.611,"Cooking, nearby",,,,,
40.610939,12.494722,100,73,50.074314,-0.025391,-0.212891,-1.027344,8,701,364,190,0.024,2.103,1.092,0.57,528,641.725952,3074235.808,"Cooking, nearby",,,,,
40.709015,12.243118,100,76,50.074314,-0.064453,-0.189453,-1.003906,6,703,363,190,0.018,2.109,1.089,0.57,367,439.712402,2136826.783,"Cooking, nearby",,,,,
40.807411,12.021941,100,79,50.074314,-0.0625,-0.152344,-1.029297,8,701,350,187,0.024,2.103,1.05,0.561,412,497.174896,2398835.517,"Cooking, nearby",,,,,
40.881908,11.765121,100,82,50.074314,0.28125,-0.326172,-0.916016,9,700,362,188,0.027,2.1,1.086,0.564,662,813.86377,3854439.592,"Cooking, nearby",,,,,
40.91523,11.646701,100,82,50.074314,0.074219,-0.267578,-0.988281,7,701,368,185,0.021,2.103,1.104,0.555,570,697.972412,3318777.293,"Cooking, nearby",,,,,
40.938179,11.657609,100,82,49.990444,0.089844,-0.28125,-0.9375,8,701,313,188,0.024,2.103,0.939,0.564,291,345.144867,1694323.144,"Cooking, nearby",,,,,
40.958298,11.459014,100,84,49.990444,0.095703,-0.275391,-0.96875,9,701,390,189,0.027,2.103,1.17,0.567,498,607.41333,2899563.319,"Cooking, nearby",,,,,
40.980934,11.46988,100,87,50.074314,0.113281,-0.267578,-0.947266,8,701,379,186,0.024,2.103,1.137,0.558,553,677.166138,3219796.215,"Cooking, nearby",,,,,
40.997593,11.346062,100,90,50.074314,0.134766,-0.308594,-0.9375,7,701,388,189,0.021,2.103,1.164,0.567,597,733.197876,3475982.533,"Cooking, nearby",,,,,
41.004509,11.147432,100,93,50.074314,0.236328,-0.302734,-0.957031,8,701,352,189,0.024,2.103,1.056,0.567,563,690.489319,3278020.378,"Cooking, nearby",,,,,
41.008595,10.94407,100,95,50.074314,0.199219,-0.320312,-0.943359,6,703,382,190,0.018,2.109,1.146,0.57,614,755.499573,3574963.61,"Cooking, nearby",,,,,
41.021484,10.820636,100,98,50.074314,0.1875,-0.306641,-0.96875,7,701,368,188,0.021,2.103,1.104,0.564,601,739.314331,3499272.198,"Cooking, nearby",,,,,
41.041916,10.712456,100,101,50.158184,0.228516,-0.318359,-0.988281,8,701,376,187,0.024,2.103,1.128,0.561,549,673.653687,3196506.55,"Cooking, nearby",,,,,
41.090324,10.600459,100,104,50.241554,0.220703,-0.25,-0.835938,8,702,310,183,0.024,2.106,0.93,0.549,559,686.833191,3254730.713,"Cooking, nearby",,,,,
41.130562,10.616796,100,105,50.325424,-0.130859,0.025391,-0.304688,6,703,395,188,0.018,2.109,1.185,0.564,532,652.772949,3097525.473,"Cooking, nearby",,,,,
41.044746,10.811607,100,107,50.074314,0.09375,-0.041016,-1.003906,7,700,396,189,0.021,2.1,1.188,0.567,281,333.506958,1636098.981,"Cooking, nearby",,,,,
40.916801,11.213578,100,109,50.074314,0.097656,-0.035156,-1.007812,8,700,428,190,0.024,2.1,1.284,0.57,281,332.772614,1636098.981,"Cooking, nearby",,,,,
40.795776,11.372903,100,113,50.158184,0.107422,-0.037109,-1.013672,7,701,409,186,0.021,2.103,1.227,0.558,281,332.251495,1636098.981,"Cooking, nearby",,,,,
40.668465,11.283354,100,116,50.074314,0.099609,-0.042969,-1.007812,6,702,417,187,0.018,2.106,1.251,0.561,281,331.905243,1636098.981,"Cooking, nearby",,,,,
40.549324,11.109907,100,120,49.990444,0.103516,-0.033203,-1.019531,7,701,437,191,0.021,2.103,1.311,0.573,281,331.651581,1636098.981,"Cooking, nearby",,,,,
40.435215,11.036098,100,124,50.074314,0.101562,-0.03125,-1.001953,9,699,405,187,0.027,2.097,1.215,0.561,281,331.336151,1636098.981,"Cooking, nearby",,,,,
40.320793,10.927727,100,128,50.074314,0.109375,-0.037109,-1.013672,9,699,431,191,0.027,2.097,1.293,0.573,281,331.046844,1636098.981,"Cooking, nearby",,,,,
40.206993,10.770138,100,132,50.241554,0.101562,-0.033203,-1.007812,7,700,427,191,0.021,2.1,1.281,0.573,281,330.798218,1636098.981,"Cooking, nearby",,,,,
40.096657,10.647532,100,135,50.241554,0.107422,-0.035156,-0.998047,7,700,404,189,0.021,2.1,1.212,0.567,281,330.533508,1636098.981,"Cooking, nearby",,,,,
39.991352,10.554886,100,138,50.241554,0.095703,-0.037109,-1.001953,7,701,429,192,0.021,2.103,1.287,0.576,281,330.261658,1636098.981,"Cooking, nearby",,,,,
39.891388,10.501956,100,141,50.158184,0.097656,-0.027344,-1.007812,7,698,405,190,0.021,2.094,1.215,0.57,281,329.976135,1636098.981,"Cooking, nearby",,,,,
39.793625,10.48361,100,144,50.241554,0.089844,-0.039062,-1.005859,7,699,407,190,0.021,2.097,1.221,0.57,281,329.670624,1636098.981,"Cooking, nearby",,,,,
39.696175,10.470212,100,148,50.325424,0.111328,-0.03125,-1.013672,7,699,380,189,0.021,2.097,1.14,0.567,281,329.362274,1636098.981,"Cooking, nearby",,,,,
39.600613,10.442139,100,151,50.408794,0.105469,-0.03125,-1.019531,8,700,393,191,0.024,2.1,1.179,0.573,281,329.071625,1636098.981,"Cooking, nearby",,,,,
39.466698,10.515946,100,154,50.408794,-0.125,0.214844,1.046875,7,699,637,195,0.021,2.097,1.911,0.585,343,406.147003,1997088.792,"Cooking, nearby",,,,,
39.325874,11.191321,100,155,50.408794,-0.126953,-0.033203,0.984375,8,699,615,196,0.024,2.097,1.845,0.588,580,700.624756,3377001.456,"Cooking, nearby",,,,,
39.224968,11.722672,100,157,50.408794,-0.132812,-0.039062,0.984375,8,697,593,197,0.024,2.091,1.779,0.591,353,416.474396,2055312.955,"Cooking, nearby",,,,,
39.125317,11.733546,100,160,50.492668,0.255859,0.447266,0.580078,8,698,573,195,0.024,2.094,1.719,0.585,353,-22.998877,0,"Cooking, nearby",,,,,
39.013096,11.719085,100,162,50.576038,0.023438,0.496094,-0.773438,7,698,423,189,0.021,2.094,1.269,0.567,577,693.929138,3359534.207,"Cooking, nearby",,,,,
38.902134,12.052572,100,164,50.74379,0.060547,0.193359,-1.029297,9,699,385,190,0.027,2.097,1.155,0.57,281,-22.998877,0,"Cooking, nearby",,,,,
38.813171,11.999145,100,168,50.74379,0.048828,0.09375,-1.080078,7,697,345,186,0.021,2.091,1.035,0.558,2184,2683.848145,12716157.21,"Cooking, away",,,,,
38.767277,11.897836,100,170,50.74379,0.205078,0.128906,-1.109375,7,698,380,190,0.021,2.094,1.14,0.57,2184,2683.299072,12716157.21,"Cooking, away",,,,,
38.721382,11.950623,100,167,50.74379,0.126953,0.158203,-0.986328,7,698,375,187,0.021,2.094,1.125,0.561,2177,2673.140625,12675400.29,"Cooking, away",,,,,
38.695919,12.0938,100,168,50.827667,0.144531,0.1875,-0.982422,8,698,340,189,0.024,2.094,1.02,0.567,2170,2662.959473,12634643.38,"Cooking, away",,,,,
38.671089,12.033073,100,169,50.827667,0.126953,0.193359,-0.980469,6,698,371,186,0.018,2.094,1.113,0.558,2170,571.072815,2794759.825,"Cooking, away",,,,,
38.652542,11.972651,100,173,50.827667,0.130859,0.193359,-0.960938,9,697,409,192,0.027,2.091,1.227,0.576,2181,2676.21167,12698689.96,"Cooking, away",,,,,
38.639336,11.867782,100,177,50.827667,0.138672,0.185547,-0.994141,9,697,430,190,0.027,2.091,1.29,0.57,2181,2676.515625,12698689.96,"Cooking, away",,,,,
38.621735,11.624018,100,183,50.74379,0.128906,0.210938,-0.984375,7,698,435,190,0.021,2.094,1.305,0.57,2177,2672.601807,12675400.29,"Cooking, away",,,,,
38.601303,11.449923,100,184,50.827667,0.015625,0.251953,-0.919922,8,698,409,190,0.024,2.094,1.227,0.57,2174,2669.427246,12657933.04,"Cooking, away",,,,,
38.591244,11.345687,100,185,50.910534,0.064453,0.140625,-0.984375,7,698,427,193,0.021,2.094,1.281,0.579,2194,2694.578857,12774381.37,"Cooking, away",,,,,
38.582756,11.340416,100,189,50.910534,0.123047,0.109375,-0.978516,7,698,444,188,0.021,2.094,1.332,0.564,2188,2686.963135,12739446.87,"Cooking, away",,,,,
38.566723,11.320023,100,192,50.827667,0.070312,0.128906,-1.023438,7,697,420,192,0.021,2.091,1.26,0.576,2177,2673.056641,12675400.29,"Cooking, away",,,,,
38.536549,11.225017,100,196,50.827667,0.089844,0.128906,-0.972656,8,697,442,192,0.024,2.091,1.326,0.576,2170,2664.201172,12634643.38,"Cooking, away",,,,,
38.506683,11.100532,100,198,50.910534,0.068359,0.357422,-0.898438,8,697,293,185,0.024,2.091,0.879,0.555,2071,2541.605713,12058224.16,"Cooking, away",,,,,
38.427784,11.053159,100,200,50.74379,0.074219,0.058594,-1.029297,9,697,467,191,0.027,2.091,1.401,0.573,2170,736.859802,3574963.61,"Cooking, away",,,,,
38.357368,11.094824,100,202,50.659912,0.09375,0.142578,-1.001953,7,697,460,192,0.021,2.091,1.38,0.576,2153,2639.440674,12535662.3,"Cooking, away",,,,,
38.294186,11.235388,100,202,50.659912,0.087891,0.1875,-0.960938,7,697,428,193,0.021,2.091,1.284,0.579,2129,2607.358887,12395924.31,"Cooking, away",,,,,
38.240746,11.371521,100,202,50.74379,0.103516,0.216797,-0.996094,9,697,456,188,0.027,2.091,1.368,0.564,2126,2601.520508,12378457.06,"Cooking, away",,,,,
38.182911,11.453233,100,204,50.659912,0.107422,0.242188,-0.994141,7,697,421,193,0.021,2.091,1.263,0.579,2133,2608.238525,12419213.97,"Cooking, away",,,,,
38.133556,11.515539,100,204,50.576038,0.146484,0.224609,-0.966797,7,697,434,194,0.021,2.091,1.302,0.582,2133,2606.641113,12419213.97,"Cooking, away",,,,,
38.084831,11.582832,100,207,50.74379,0.111328,0.107422,-1.083984,9,697,461,189,0.027,2.091,1.383,0.567,2153,2629.671143,12535662.3,"Cooking, away",,,,,
38.032024,11.590626,100,210,50.659912,0.158203,0.085938,-1.007812,9,696,419,189,0.027,2.088,1.257,0.567,2198,2683.715576,12797671.03,"Cooking, away",,,,,
37.997761,11.485474,100,212,50.576038,0.070312,0.097656,-1.033203,8,697,454,189,0.024,2.091,1.362,0.567,2160,2636.693604,12576419.21,"Cooking, away",,,,,
37.971985,11.776278,100,213,50.576038,-0.021484,0.138672,-1.015625,9,697,417,191,0.027,2.091,1.251,0.573,2157,-22.998877,0,"Cooking, away",,,,,
37.912888,12.031663,100,216,50.576038,-0.146484,0.248047,-0.951172,9,697,452,193,0.027,2.091,1.356,0.579,2159,-22.998877,0,"Cooking, away",,,,,
